filing_date,ticker,registrant,cik,form,report_date,accession_number,document_url
2013-10-07,GBTC,Grayscale Bitcoin Trust ETF,0001588489,D,,0001588489-13-000001,https://www.sec.gov/Archives/edgar/data/1588489/000158848913000001/xslFormDX01/primary_doc.xml
2015-03-04,GBTC,Grayscale Bitcoin Trust ETF,0001588489,D/A,,0001588489-15-000002,https://www.sec.gov/Archives/edgar/data/1588489/000158848915000002/xslFormDX01/primary_doc.xml
2016-03-04,GBTC,Grayscale Bitcoin Trust ETF,0001588489,D/A,,0001588489-16-000003,https://www.sec.gov/Archives/edgar/data/1588489/000158848916000003/xslFormDX01/primary_doc.xml
2016-03-22,GBTC,Grayscale Bitcoin Trust ETF,0001588489,DRS,,0000950123-16-015478,https://www.sec.gov/Archives/edgar/data/1588489/000095012316015478/filename1.htm
2016-05-31,GBTC,Grayscale Bitcoin Trust ETF,0001588489,DRS/A,,0000950123-16-017801,https://www.sec.gov/Archives/edgar/data/1588489/000095012316017801/filename1.htm
2016-07-29,GBTC,Grayscale Bitcoin Trust ETF,0001588489,DRS/A,,0000950123-16-018610,https://www.sec.gov/Archives/edgar/data/1588489/000095012316018610/filename1.htm
2016-11-02,GBTC,Grayscale Bitcoin Trust ETF,0001588489,DRS/A,,0000950123-16-021019,https://www.sec.gov/Archives/edgar/data/1588489/000095012316021019/filename1.htm
2017-01-20,GBTC,Grayscale Bitcoin Trust ETF,0001588489,S-1,,0001193125-17-013693,https://www.sec.gov/Archives/edgar/data/1588489/000119312517013693/d157414ds1.htm
2017-02-27,GBTC,Grayscale Bitcoin Trust ETF,0001588489,D/A,,0000950103-17-001716,https://www.sec.gov/Archives/edgar/data/1588489/000095010317001716/xslFormDX01/primary_doc.xml
2017-03-24,GBTC,Grayscale Bitcoin Trust ETF,0001588489,S-1/A,,0001193125-17-095754,https://www.sec.gov/Archives/edgar/data/1588489/000119312517095754/d157414ds1a.htm
2017-05-04,GBTC,Grayscale Bitcoin Trust ETF,0001588489,S-1/A,,0001193125-17-158456,https://www.sec.gov/Archives/edgar/data/1588489/000119312517158456/d157414ds1a.htm
2017-07-14,GBTC,Grayscale Bitcoin Trust ETF,0001588489,FWP,,0001193125-17-228591,https://www.sec.gov/Archives/edgar/data/1588489/000119312517228591/d411511dfwp.htm
2017-10-25,GBTC,Grayscale Bitcoin Trust ETF,0001588489,RW,,0000950103-17-010239,https://www.sec.gov/Archives/edgar/data/1588489/000095010317010239/dp81942_rw.htm
2018-02-27,GBTC,Grayscale Bitcoin Trust ETF,0001588489,D/A,,0000950103-18-002501,https://www.sec.gov/Archives/edgar/data/1588489/000095010318002501/xslFormDX01/primary_doc.xml
2018-10-03,GBTC,Grayscale Bitcoin Trust ETF,0001588489,DRS,,0000950123-18-009633,https://www.sec.gov/Archives/edgar/data/1588489/000095012318009633/filename1.htm
2018-11-20,GBTC,Grayscale Bitcoin Trust ETF,0001588489,UPLOAD,,0000000000-18-035899,https://www.sec.gov/Archives/edgar/data/1588489/000000000018035899/filename1.pdf
2018-12-06,GBTC,Grayscale Bitcoin Trust ETF,0001588489,DRS/A,,0000950123-18-012267,https://www.sec.gov/Archives/edgar/data/1588489/000095012318012267/filename1.htm
2018-12-06,GBTC,Grayscale Bitcoin Trust ETF,0001588489,DRSLTR,,0000950123-18-012268,https://www.sec.gov/Archives/edgar/data/1588489/000095012318012268/filename1.htm
2018-12-21,GBTC,Grayscale Bitcoin Trust ETF,0001588489,D/A,,0000950103-18-014897,https://www.sec.gov/Archives/edgar/data/1588489/000095010318014897/xslFormDX01/primary_doc.xml
2019-01-10,BITB,Bitwise Bitcoin ETF,0001763415,S-1,,0001493152-19-000408,https://www.sec.gov/Archives/edgar/data/1763415/000149315219000408/forms-1.htm
2019-01-10,BITB,Bitwise Bitcoin ETF,0001763415,FWP,,0001493152-19-000432,https://www.sec.gov/Archives/edgar/data/1763415/000149315219000432/fwp.htm
2019-01-17,GBTC,Grayscale Bitcoin Trust ETF,0001588489,D/A,,0000950103-19-000710,https://www.sec.gov/Archives/edgar/data/1588489/000095010319000710/xslFormDX01/primary_doc.xml
2019-02-11,GBTC,Grayscale Bitcoin Trust ETF,0001588489,UPLOAD,,0000000000-19-001867,https://www.sec.gov/Archives/edgar/data/1588489/000000000019001867/filename1.pdf
2019-02-22,GBTC,Grayscale Bitcoin Trust ETF,0001588489,DRSLTR,,0000950123-19-002463,https://www.sec.gov/Archives/edgar/data/1588489/000095012319002463/filename1.htm
2019-02-25,GBTC,Grayscale Bitcoin Trust ETF,0001588489,DRS/A,,0000950123-19-002461,https://www.sec.gov/Archives/edgar/data/1588489/000095012319002461/filename1.htm
2019-03-28,BITB,Bitwise Bitcoin ETF,0001763415,FWP,,0001493152-19-004048,https://www.sec.gov/Archives/edgar/data/1763415/000149315219004048/fwp.htm
2019-03-28,BITB,Bitwise Bitcoin ETF,0001763415,FWP,,0001493152-19-004050,https://www.sec.gov/Archives/edgar/data/1763415/000149315219004050/fwp.htm
2019-03-28,BITB,Bitwise Bitcoin ETF,0001763415,FWP,,0001493152-19-004052,https://www.sec.gov/Archives/edgar/data/1763415/000149315219004052/fwp.htm
2019-03-28,BITB,Bitwise Bitcoin ETF,0001763415,FWP,,0001493152-19-004055,https://www.sec.gov/Archives/edgar/data/1763415/000149315219004055/fwp.htm
2019-04-02,GBTC,Grayscale Bitcoin Trust ETF,0001588489,UPLOAD,,0000000000-19-006429,https://www.sec.gov/Archives/edgar/data/1588489/000000000019006429/filename1.pdf
2019-04-12,GBTC,Grayscale Bitcoin Trust ETF,0001588489,DRSLTR,,0000950123-19-003282,https://www.sec.gov/Archives/edgar/data/1588489/000095012319003282/filename1.htm
2019-04-15,GBTC,Grayscale Bitcoin Trust ETF,0001588489,DRS/A,,0000950123-19-003281,https://www.sec.gov/Archives/edgar/data/1588489/000095012319003281/filename1.htm
2019-04-16,BITB,Bitwise Bitcoin ETF,0001763415,S-1/A,,0001493152-19-005505,https://www.sec.gov/Archives/edgar/data/1763415/000149315219005505/forms-1a.htm
2019-05-01,GBTC,Grayscale Bitcoin Trust ETF,0001588489,SEC STAFF LETTER,,9999999997-19-003669,https://www.sec.gov/Archives/edgar/data/1588489/999999999719003669/filename1.pdf
2019-05-15,GBTC,Grayscale Bitcoin Trust ETF,0001588489,SEC STAFF LETTER,,9999999997-19-004502,https://www.sec.gov/Archives/edgar/data/1588489/999999999719004502/filename1.pdf
2019-05-17,GBTC,Grayscale Bitcoin Trust ETF,0001588489,UPLOAD,,0000000000-19-008690,https://www.sec.gov/Archives/edgar/data/1588489/000000000019008690/filename1.pdf
2019-08-06,GBTC,Grayscale Bitcoin Trust ETF,0001588489,DRSLTR,,0000950123-19-007117,https://www.sec.gov/Archives/edgar/data/1588489/000095012319007117/filename1.htm
2019-08-16,GBTC,Grayscale Bitcoin Trust ETF,0001588489,UPLOAD,,0000000000-19-012540,https://www.sec.gov/Archives/edgar/data/1588489/000000000019012540/filename1.pdf
2019-09-10,BITB,Bitwise Bitcoin ETF,0001763415,S-1/A,,0001493152-19-013946,https://www.sec.gov/Archives/edgar/data/1763415/000149315219013946/forms-1a.htm
2019-09-11,BITB,Bitwise Bitcoin ETF,0001763415,S-1/A,,0001493152-19-013955,https://www.sec.gov/Archives/edgar/data/1763415/000149315219013955/forms-1a.htm
2019-09-18,GBTC,Grayscale Bitcoin Trust ETF,0001588489,DRSLTR,,0000950123-19-008985,https://www.sec.gov/Archives/edgar/data/1588489/000095012319008985/filename1.htm
2019-09-19,GBTC,Grayscale Bitcoin Trust ETF,0001588489,DRS/A,,0000950123-19-008983,https://www.sec.gov/Archives/edgar/data/1588489/000095012319008983/filename1.htm
2019-11-06,GBTC,Grayscale Bitcoin Trust ETF,0001588489,UPLOAD,,0000000000-19-015242,https://www.sec.gov/Archives/edgar/data/1588489/000000000019015242/filename1.pdf
2019-11-19,GBTC,Grayscale Bitcoin Trust ETF,0001588489,10-12G,,0001193125-19-295206,https://www.sec.gov/Archives/edgar/data/1588489/000119312519295206/d735049d1012g.htm
2019-11-19,GBTC,Grayscale Bitcoin Trust ETF,0001588489,CORRESP,,0001193125-19-295211,https://www.sec.gov/Archives/edgar/data/1588489/000119312519295211/filename1.htm
2019-12-23,GBTC,Grayscale Bitcoin Trust ETF,0001588489,UPLOAD,,0000000000-19-016776,https://www.sec.gov/Archives/edgar/data/1588489/000000000019016776/filename1.pdf
2019-12-30,GBTC,Grayscale Bitcoin Trust ETF,0001588489,CORRESP,,0001193125-19-326178,https://www.sec.gov/Archives/edgar/data/1588489/000119312519326178/filename1.htm
2019-12-31,GBTC,Grayscale Bitcoin Trust ETF,0001588489,10-12G/A,,0001193125-19-326175,https://www.sec.gov/Archives/edgar/data/1588489/000119312519326175/d845671d1012ga.htm
2020-01-14,BITB,Bitwise Bitcoin ETF,0001763415,RW,,0001493152-20-000557,https://www.sec.gov/Archives/edgar/data/1763415/000149315220000557/rw.htm
2020-01-17,GBTC,Grayscale Bitcoin Trust ETF,0001588489,D/A,,0001209191-20-003945,https://www.sec.gov/Archives/edgar/data/1588489/000120919120003945/xslFormDX01/primary_doc.xml
2020-01-24,GBTC,Grayscale Bitcoin Trust ETF,0001588489,8-K,2020-01-21,0001193125-20-014229,https://www.sec.gov/Archives/edgar/data/1588489/000119312520014229/d688476d8k.htm
2020-01-27,GBTC,Grayscale Bitcoin Trust ETF,0001588489,8-K,2020-01-24,0001193125-20-015407,https://www.sec.gov/Archives/edgar/data/1588489/000119312520015407/d857321d8k.htm
2020-02-03,GBTC,Grayscale Bitcoin Trust ETF,0001588489,UPLOAD,,0000000000-20-000953,https://www.sec.gov/Archives/edgar/data/1588489/000000000020000953/filename1.pdf
2020-02-14,GBTC,Grayscale Bitcoin Trust ETF,0001588489,8-K,2020-02-10,0001193125-20-038228,https://www.sec.gov/Archives/edgar/data/1588489/000119312520038228/d883836d8k.htm
2020-02-27,GBTC,Grayscale Bitcoin Trust ETF,0001588489,8-K,2020-02-21,0001193125-20-052618,https://www.sec.gov/Archives/edgar/data/1588489/000119312520052618/d892840d8k.htm
2020-03-10,GBTC,Grayscale Bitcoin Trust ETF,0001588489,8-K,2020-03-04,0001193125-20-068750,https://www.sec.gov/Archives/edgar/data/1588489/000119312520068750/d892319d8k.htm
2020-03-20,GBTC,Grayscale Bitcoin Trust ETF,0001588489,10-K,2019-12-31,0001193125-20-080084,https://www.sec.gov/Archives/edgar/data/1588489/000119312520080084/d840811d10k.htm
2020-03-25,GBTC,Grayscale Bitcoin Trust ETF,0001588489,8-K,2020-03-21,0001193125-20-085061,https://www.sec.gov/Archives/edgar/data/1588489/000119312520085061/d893605d8k.htm
2020-04-17,GBTC,Grayscale Bitcoin Trust ETF,0001588489,8-K,2020-04-16,0001193125-20-110034,https://www.sec.gov/Archives/edgar/data/1588489/000119312520110034/d900879d8k.htm
2020-04-23,GBTC,Grayscale Bitcoin Trust ETF,0001588489,8-K,2020-04-17,0001193125-20-117171,https://www.sec.gov/Archives/edgar/data/1588489/000119312520117171/d911187d8k.htm
2020-04-30,GBTC,Grayscale Bitcoin Trust ETF,0001588489,8-K,2020-04-24,0001193125-20-128783,https://www.sec.gov/Archives/edgar/data/1588489/000119312520128783/d894962d8k.htm
2020-05-05,GBTC,Grayscale Bitcoin Trust ETF,0001588489,8-K,2020-04-29,0001193125-20-133734,https://www.sec.gov/Archives/edgar/data/1588489/000119312520133734/d925126d8k.htm
2020-05-08,GBTC,Grayscale Bitcoin Trust ETF,0001588489,10-Q,2020-03-31,0001193125-20-137600,https://www.sec.gov/Archives/edgar/data/1588489/000119312520137600/d852664d10q.htm
2020-05-12,GBTC,Grayscale Bitcoin Trust ETF,0001588489,8-K,2020-05-06,0001193125-20-140546,https://www.sec.gov/Archives/edgar/data/1588489/000119312520140546/d931204d8k.htm
2020-05-19,GBTC,Grayscale Bitcoin Trust ETF,0001588489,8-K,2020-05-13,0001193125-20-146183,https://www.sec.gov/Archives/edgar/data/1588489/000119312520146183/d902198d8k.htm
2020-05-27,GBTC,Grayscale Bitcoin Trust ETF,0001588489,8-K,2020-05-20,0001193125-20-153074,https://www.sec.gov/Archives/edgar/data/1588489/000119312520153074/d935314d8k.htm
2020-06-04,GBTC,Grayscale Bitcoin Trust ETF,0001588489,8-K,2020-05-29,0001193125-20-160714,https://www.sec.gov/Archives/edgar/data/1588489/000119312520160714/d912084d8k.htm
2020-06-11,GBTC,Grayscale Bitcoin Trust ETF,0001588489,SC 13G,,0001104659-20-072126,https://www.sec.gov/Archives/edgar/data/1588489/000110465920072126/tm2022330d1_sc13g.htm
2020-06-17,GBTC,Grayscale Bitcoin Trust ETF,0001588489,8-K,2020-06-11,0001564590-20-029649,https://www.sec.gov/Archives/edgar/data/1588489/000156459020029649/gbtc-8k_20200611.htm
2020-06-25,GBTC,Grayscale Bitcoin Trust ETF,0001588489,8-K,2020-06-19,0001564590-20-030596,https://www.sec.gov/Archives/edgar/data/1588489/000156459020030596/gbtc-8k_20200619.htm
2020-07-15,GBTC,Grayscale Bitcoin Trust ETF,0001588489,8-K,2020-07-15,0001193125-20-193041,https://www.sec.gov/Archives/edgar/data/1588489/000119312520193041/d861359d8k.htm
2020-07-30,GBTC,Grayscale Bitcoin Trust ETF,0001588489,8-K,2020-07-24,0001564590-20-034759,https://www.sec.gov/Archives/edgar/data/1588489/000156459020034759/gbtc-8k_20200724.htm
2020-08-07,GBTC,Grayscale Bitcoin Trust ETF,0001588489,10-Q,2020-06-30,0001564590-20-038402,https://www.sec.gov/Archives/edgar/data/1588489/000156459020038402/gbtc-10q_20200630.htm
2020-08-12,GBTC,Grayscale Bitcoin Trust ETF,0001588489,8-K,2020-08-06,0001564590-20-039660,https://www.sec.gov/Archives/edgar/data/1588489/000156459020039660/gbtc-8k_20200812.htm
2020-08-20,GBTC,Grayscale Bitcoin Trust ETF,0001588489,8-K,2020-08-14,0001564590-20-040800,https://www.sec.gov/Archives/edgar/data/1588489/000156459020040800/gbtc-8k_20200814.htm
2020-09-01,GBTC,Grayscale Bitcoin Trust ETF,0001588489,8-K,2020-08-26,0001564590-20-042189,https://www.sec.gov/Archives/edgar/data/1588489/000156459020042189/gbtc-8k_20200826.htm
2020-09-10,GBTC,Grayscale Bitcoin Trust ETF,0001588489,8-K,2020-09-03,0001564590-20-043138,https://www.sec.gov/Archives/edgar/data/1588489/000156459020043138/gbtc-8k_20200903.htm
2020-09-29,GBTC,Grayscale Bitcoin Trust ETF,0001588489,8-K,2020-09-23,0001564590-20-045095,https://www.sec.gov/Archives/edgar/data/1588489/000156459020045095/gbtc-8k_20200923.htm
2020-10-14,GBTC,Grayscale Bitcoin Trust ETF,0001588489,8-K,2020-10-14,0001193125-20-269023,https://www.sec.gov/Archives/edgar/data/1588489/000119312520269023/d30818d8k.htm
2020-10-21,GBTC,Grayscale Bitcoin Trust ETF,0001588489,8-K,2020-10-15,0001564590-20-047089,https://www.sec.gov/Archives/edgar/data/1588489/000156459020047089/gbtc-8k_20201015.htm
2020-10-27,GBTC,Grayscale Bitcoin Trust ETF,0001588489,SC 13G,,0001493152-20-019975,https://www.sec.gov/Archives/edgar/data/1588489/000149315220019975/sc13g.htm
2020-11-02,GBTC,Grayscale Bitcoin Trust ETF,0001588489,8-K,2020-10-27,0001564590-20-049628,https://www.sec.gov/Archives/edgar/data/1588489/000156459020049628/gbtc-8k_20201027.htm
2020-11-06,GBTC,Grayscale Bitcoin Trust ETF,0001588489,10-Q,2020-09-30,0001564590-20-051953,https://www.sec.gov/Archives/edgar/data/1588489/000156459020051953/gbtc-10q_20200930.htm
2020-11-10,GBTC,Grayscale Bitcoin Trust ETF,0001588489,8-K,2020-11-05,0001564590-20-052946,https://www.sec.gov/Archives/edgar/data/1588489/000156459020052946/gbtc-8k_20201105.htm
2020-11-19,GBTC,Grayscale Bitcoin Trust ETF,0001588489,8-K,2020-11-13,0001564590-20-054632,https://www.sec.gov/Archives/edgar/data/1588489/000156459020054632/gbtc-8k_20201113.htm
2020-11-25,GBTC,Grayscale Bitcoin Trust ETF,0001588489,8-K,2020-11-20,0001564590-20-055239,https://www.sec.gov/Archives/edgar/data/1588489/000156459020055239/gbtc-8k_20201120.htm
2020-12-02,GBTC,Grayscale Bitcoin Trust ETF,0001588489,8-K,2020-11-27,0001564590-20-055917,https://www.sec.gov/Archives/edgar/data/1588489/000156459020055917/gbtc-8k_20201127.htm
2020-12-09,GBTC,Grayscale Bitcoin Trust ETF,0001588489,8-K,2020-12-03,0001564590-20-056567,https://www.sec.gov/Archives/edgar/data/1588489/000156459020056567/gbtc-8k_20201203.htm
2020-12-16,GBTC,Grayscale Bitcoin Trust ETF,0001588489,8-K,2020-12-11,0001564590-20-057273,https://www.sec.gov/Archives/edgar/data/1588489/000156459020057273/gbtc-8k_20201211.htm
2020-12-23,GBTC,Grayscale Bitcoin Trust ETF,0001588489,8-K,2020-12-18,0001564590-20-058212,https://www.sec.gov/Archives/edgar/data/1588489/000156459020058212/gbtc-8k_20201218.htm
2020-12-29,GBTC,Grayscale Bitcoin Trust ETF,0001588489,8-K,2020-12-23,0001564590-20-058706,https://www.sec.gov/Archives/edgar/data/1588489/000156459020058706/gbtc-8k_20201223.htm
2020-12-30,HODL,VanEck Bitcoin ETF,0001838028,S-1,,0000930413-20-002664,https://www.sec.gov/Archives/edgar/data/1838028/000093041320002664/c100811_s1.htm
2021-01-04,GBTC,Grayscale Bitcoin Trust ETF,0001588489,SC 13G/A,,0001104659-21-000026,https://www.sec.gov/Archives/edgar/data/1588489/000110465921000026/tm2039668d1_sc13ga.htm
2021-01-07,GBTC,Grayscale Bitcoin Trust ETF,0001588489,8-K,2020-12-31,0001564590-21-000558,https://www.sec.gov/Archives/edgar/data/1588489/000156459021000558/gbtc-8k_20201231.htm
2021-01-08,GBTC,Grayscale Bitcoin Trust ETF,0001588489,D/A,,0001209191-21-002734,https://www.sec.gov/Archives/edgar/data/1588489/000120919121002734/xslFormDX01/primary_doc.xml
2021-01-14,GBTC,Grayscale Bitcoin Trust ETF,0001588489,8-K,2021-01-14,0001193125-21-008680,https://www.sec.gov/Archives/edgar/data/1588489/000119312521008680/d105810d8k.htm
2021-01-21,GBTC,Grayscale Bitcoin Trust ETF,0001588489,8-K,2021-01-15,0001564590-21-001769,https://www.sec.gov/Archives/edgar/data/1588489/000156459021001769/gbtc-8k_20210115.htm
2021-01-22,BRRR,CoinShares Bitcoin ETF,0001841175,S-1,,0001387131-21-001118,https://www.sec.gov/Archives/edgar/data/1841175/000138713121001118/valkyrie-s1_012221.htm
2021-02-01,GBTC,Grayscale Bitcoin Trust ETF,0001588489,8-K,2021-01-27,0001564590-21-003597,https://www.sec.gov/Archives/edgar/data/1588489/000156459021003597/gbtc-8k_20210127.htm
2021-02-12,GBTC,Grayscale Bitcoin Trust ETF,0001588489,SC 13G/A,,0001493152-21-003448,https://www.sec.gov/Archives/edgar/data/1588489/000149315221003448/sc13ga.htm
2021-02-17,GBTC,Grayscale Bitcoin Trust ETF,0001588489,8-K,2021-02-11,0001564590-21-006364,https://www.sec.gov/Archives/edgar/data/1588489/000156459021006364/gbtc-8k_20210211.htm
2021-02-23,GBTC,Grayscale Bitcoin Trust ETF,0001588489,8-K,2021-02-18,0001564590-21-007545,https://www.sec.gov/Archives/edgar/data/1588489/000156459021007545/gbtc-8k_20210218.htm
2021-03-05,GBTC,Grayscale Bitcoin Trust ETF,0001588489,10-K,2020-12-31,0001564590-21-011121,https://www.sec.gov/Archives/edgar/data/1588489/000156459021011121/gbtc-10k_20201231.htm
2021-03-10,GBTC,Grayscale Bitcoin Trust ETF,0001588489,8-K,2021-03-10,0001564590-21-011911,https://www.sec.gov/Archives/edgar/data/1588489/000156459021011911/gbtc-8k_20210310.htm
2021-03-11,BTCW,WisdomTree Bitcoin Fund,0001850391,S-1,,0001193125-21-077493,https://www.sec.gov/Archives/edgar/data/1850391/000119312521077493/d122075ds1.htm
2021-03-24,FBTC,Fidelity Wise Origin Bitcoin Fund,0001852317,S-1,,0001193125-21-092598,https://www.sec.gov/Archives/edgar/data/1852317/000119312521092598/d133565ds1.htm
2021-04-05,GBTC,Grayscale Bitcoin Trust ETF,0001588489,8-K,2021-04-05,0001564590-21-017510,https://www.sec.gov/Archives/edgar/data/1588489/000156459021017510/gbtc-8k_20210405.htm
2021-04-12,BTCO,Invesco Galaxy Bitcoin ETF,0001855781,S-1,,0000950103-21-005427,https://www.sec.gov/Archives/edgar/data/1855781/000095010321005427/dp149207_s1.htm
2021-04-12,BTCO,Invesco Galaxy Bitcoin ETF,0001855781,CORRESP,,0000950103-21-005428,https://www.sec.gov/Archives/edgar/data/1855781/000095010321005428/filename1.htm
2021-04-30,BRRR,CoinShares Bitcoin ETF,0001841175,S-1/A,,0001387131-21-005139,https://www.sec.gov/Archives/edgar/data/1841175/000138713121005139/valkyrie-s1a_042721.htm
2021-05-03,GBTC,Grayscale Bitcoin Trust ETF,0001588489,8-K,2021-04-30,0001564590-21-022702,https://www.sec.gov/Archives/edgar/data/1588489/000156459021022702/gbtc-8k_20210430.htm
2021-05-07,GBTC,Grayscale Bitcoin Trust ETF,0001588489,10-Q,2021-03-31,0001564590-21-025329,https://www.sec.gov/Archives/edgar/data/1588489/000156459021025329/gbtc-10q_20210331.htm
2021-06-04,HODL,VanEck Bitcoin ETF,0001838028,S-1/A,,0000930413-21-001163,https://www.sec.gov/Archives/edgar/data/1838028/000093041321001163/c101813_s1a.htm
2021-06-28,ARKB,Ark 21Shares Bitcoin ETF,0001869699,S-1,,0001193125-21-201955,https://www.sec.gov/Archives/edgar/data/1869699/000119312521201955/d165184ds1.htm
2021-06-30,GBTC,Grayscale Bitcoin Trust ETF,0001588489,SC 13G/A,,0001493152-21-015703,https://www.sec.gov/Archives/edgar/data/1588489/000149315221015703/sc13ga.htm
2021-07-13,GBTC,Grayscale Bitcoin Trust ETF,0001588489,8-K,2021-07-09,0001564590-21-036453,https://www.sec.gov/Archives/edgar/data/1588489/000156459021036453/gbtc-8k_20210709.htm
2021-08-06,GBTC,Grayscale Bitcoin Trust ETF,0001588489,10-Q,2021-06-30,0001564590-21-041930,https://www.sec.gov/Archives/edgar/data/1588489/000156459021041930/gbtc-10q_20210630.htm
2021-09-21,BTCO,Invesco Galaxy Bitcoin ETF,0001855781,S-1/A,,0001193125-21-278390,https://www.sec.gov/Archives/edgar/data/1855781/000119312521278390/d233987ds1a.htm
2021-10-14,BITB,Bitwise Bitcoin ETF,0001763415,S-1,,0001387131-21-009995,https://www.sec.gov/Archives/edgar/data/1763415/000138713121009995/bbet-s1_101421.htm
2021-10-19,GBTC,Grayscale Bitcoin Trust ETF,0001588489,8-K,2021-10-19,0001193125-21-301639,https://www.sec.gov/Archives/edgar/data/1588489/000119312521301639/d216598d8k.htm
2021-10-21,GBTC,Grayscale Bitcoin Trust ETF,0001588489,8-K,2021-10-20,0001564590-21-051435,https://www.sec.gov/Archives/edgar/data/1588489/000156459021051435/gbtc-8k_20211020.htm
2021-11-05,GBTC,Grayscale Bitcoin Trust ETF,0001588489,10-Q,2021-09-30,0001564590-21-054757,https://www.sec.gov/Archives/edgar/data/1588489/000156459021054757/gbtc-10q_20210930.htm
2021-12-08,BTCW,WisdomTree Bitcoin Fund,0001850391,S-1/A,,0001193125-21-350924,https://www.sec.gov/Archives/edgar/data/1850391/000119312521350924/d122075ds1a.htm
2022-01-04,GBTC,Grayscale Bitcoin Trust ETF,0001588489,D/A,,0001209191-22-000886,https://www.sec.gov/Archives/edgar/data/1588489/000120919122000886/xslFormDX01/primary_doc.xml
2022-01-13,GBTC,Grayscale Bitcoin Trust ETF,0001588489,8-K,2022-01-11,0000950170-22-000297,https://www.sec.gov/Archives/edgar/data/1588489/000095017022000297/gbtc-20220111.htm
2022-02-04,GBTC,Grayscale Bitcoin Trust ETF,0001588489,8-K,2022-02-01,0001193125-22-028539,https://www.sec.gov/Archives/edgar/data/1588489/000119312522028539/d466708d8k.htm
2022-02-25,GBTC,Grayscale Bitcoin Trust ETF,0001588489,10-K,2021-12-31,0001193125-22-053501,https://www.sec.gov/Archives/edgar/data/1588489/000119312522053501/d289251d10k.htm
2022-03-04,GBTC,Grayscale Bitcoin Trust ETF,0001588489,8-K,2022-03-02,0000950170-22-002865,https://www.sec.gov/Archives/edgar/data/1588489/000095017022002865/gbtc-20220302.htm
2022-05-06,GBTC,Grayscale Bitcoin Trust ETF,0001588489,10-Q,2022-03-31,0001193125-22-143093,https://www.sec.gov/Archives/edgar/data/1588489/000119312522143093/d354816d10q.htm
2022-06-23,HODL,VanEck Bitcoin ETF,0001838028,S-1/A,,0000930413-22-001204,https://www.sec.gov/Archives/edgar/data/1838028/000093041322001204/c103999_s1a.htm
2022-07-01,GBTC,Grayscale Bitcoin Trust ETF,0001588489,8-K,2022-06-29,0000950170-22-012412,https://www.sec.gov/Archives/edgar/data/1588489/000095017022012412/gbtc-20220629.htm
2022-08-05,GBTC,Grayscale Bitcoin Trust ETF,0001588489,10-Q,2022-06-30,0001193125-22-213605,https://www.sec.gov/Archives/edgar/data/1588489/000119312522213605/d371731d10q.htm
2022-09-29,GBTC,Grayscale Bitcoin Trust ETF,0001588489,8-K,2022-09-27,0000950170-22-019036,https://www.sec.gov/Archives/edgar/data/1588489/000095017022019036/gbtc-20220927.htm
2022-10-03,GBTC,Grayscale Bitcoin Trust ETF,0001588489,8-K,2022-10-03,0000950170-22-019165,https://www.sec.gov/Archives/edgar/data/1588489/000095017022019165/gbtc-20221003.htm
2022-11-03,GBTC,Grayscale Bitcoin Trust ETF,0001588489,8-K,2022-10-29,0000950170-22-021942,https://www.sec.gov/Archives/edgar/data/1588489/000095017022021942/gbtc-20221029.htm
2022-11-04,GBTC,Grayscale Bitcoin Trust ETF,0001588489,10-Q,2022-09-30,0001193125-22-277465,https://www.sec.gov/Archives/edgar/data/1588489/000119312522277465/d737308d10q.htm
2022-12-19,GBTC,Grayscale Bitcoin Trust ETF,0001588489,8-K,2022-12-19,0000950103-22-021127,https://www.sec.gov/Archives/edgar/data/1588489/000095010322021127/dp185785_8k.htm
2023-01-04,GBTC,Grayscale Bitcoin Trust ETF,0001588489,D/A,,0001209191-23-000721,https://www.sec.gov/Archives/edgar/data/1588489/000120919123000721/xslFormDX01/primary_doc.xml
2023-03-01,GBTC,Grayscale Bitcoin Trust ETF,0001588489,10-K,2022-12-31,0001193125-23-054302,https://www.sec.gov/Archives/edgar/data/1588489/000119312523054302/d453116d10k.htm
2023-05-05,GBTC,Grayscale Bitcoin Trust ETF,0001588489,10-Q,2023-03-31,0001193125-23-136622,https://www.sec.gov/Archives/edgar/data/1588489/000119312523136622/d461307d10q.htm
2023-06-15,IBIT,iShares Bitcoin Trust ETF,0001980994,S-1,,0001437749-23-017574,https://www.sec.gov/Archives/edgar/data/1980994/000143774923017574/bit20230608_s1.htm
2023-06-20,BTCW,WisdomTree Bitcoin Fund,0001850391,S-1/A,,0001214659-23-008647,https://www.sec.gov/Archives/edgar/data/1850391/000121465923008647/p620230s1a2.htm
2023-06-21,BRRR,CoinShares Bitcoin ETF,0001841175,S-1/A,,0001387131-23-007682,https://www.sec.gov/Archives/edgar/data/1841175/000138713123007682/valkyrie-s1a_062123.htm
2023-06-23,GBTC,Grayscale Bitcoin Trust ETF,0001588489,8-K,2023-06-20,0000950170-23-029611,https://www.sec.gov/Archives/edgar/data/1588489/000095017023029611/gbtc-20230620.htm
2023-06-23,GBTC,Grayscale Bitcoin Trust ETF,0001588489,8-K,2023-06-17,0000950170-23-029626,https://www.sec.gov/Archives/edgar/data/1588489/000095017023029626/gbtc-20230617.htm
2023-08-02,GBTC,Grayscale Bitcoin Trust ETF,0001588489,8-K,2023-07-29,0000950170-23-037180,https://www.sec.gov/Archives/edgar/data/1588489/000095017023037180/gbtc-20230729.htm
2023-08-04,GBTC,Grayscale Bitcoin Trust ETF,0001588489,10-Q,2023-06-30,0001193125-23-203484,https://www.sec.gov/Archives/edgar/data/1588489/000119312523203484/d499339d10q.htm
2023-08-04,HODL,VanEck Bitcoin ETF,0001838028,S-1/A,,0000930413-23-001956,https://www.sec.gov/Archives/edgar/data/1838028/000093041323001956/c106800_s1a.htm
2023-08-04,HODL,VanEck Bitcoin ETF,0001838028,CORRESP,,0000930413-23-001957,https://www.sec.gov/Archives/edgar/data/1838028/000093041323001957/filename1.htm
2023-08-29,GBTC,Grayscale Bitcoin Trust ETF,0001588489,8-K,2023-08-29,0000950170-23-045100,https://www.sec.gov/Archives/edgar/data/1588489/000095017023045100/gbtc-20230829.htm
2023-09-06,GBTC,Grayscale Bitcoin Trust ETF,0001588489,8-K,2023-09-05,0001193125-23-228771,https://www.sec.gov/Archives/edgar/data/1588489/000119312523228771/d846493d8k.htm
2023-09-07,ARKB,Ark 21Shares Bitcoin ETF,0001869699,S-1/A,,0001193125-23-230750,https://www.sec.gov/Archives/edgar/data/1869699/000119312523230750/d549524ds1a.htm
2023-09-12,EZBC,Franklin Templeton Digital Holdings Trust,0001992870,S-1,,0001137439-23-001074,https://www.sec.gov/Archives/edgar/data/1992870/000113743923001074/ftdhts1092023.htm
2023-09-14,GBTC,Grayscale Bitcoin Trust ETF,0001588489,UPLOAD,,0000000000-23-010191,https://www.sec.gov/Archives/edgar/data/1588489/000000000023010191/filename1.pdf
2023-09-29,ARKB,Ark 21Shares Bitcoin ETF,0001869699,UPLOAD,,0000000000-23-010824,https://www.sec.gov/Archives/edgar/data/1869699/000000000023010824/filename1.pdf
2023-09-29,BITB,Bitwise Bitcoin ETF,0001763415,UPLOAD,,0000000000-23-010835,https://www.sec.gov/Archives/edgar/data/1763415/000000000023010835/filename1.pdf
2023-09-29,BRRR,CoinShares Bitcoin ETF,0001841175,UPLOAD,,0000000000-23-010834,https://www.sec.gov/Archives/edgar/data/1841175/000000000023010834/filename1.pdf
2023-09-29,BTCO,Invesco Galaxy Bitcoin ETF,0001855781,UPLOAD,,0000000000-23-010821,https://www.sec.gov/Archives/edgar/data/1855781/000000000023010821/filename1.pdf
2023-09-29,BTCW,WisdomTree Bitcoin Fund,0001850391,UPLOAD,,0000000000-23-010832,https://www.sec.gov/Archives/edgar/data/1850391/000000000023010832/filename1.pdf
2023-09-29,EZBC,Franklin Templeton Digital Holdings Trust,0001992870,UPLOAD,,0000000000-23-010833,https://www.sec.gov/Archives/edgar/data/1992870/000000000023010833/filename1.pdf
2023-09-29,FBTC,Fidelity Wise Origin Bitcoin Fund,0001852317,UPLOAD,,0000000000-23-010829,https://www.sec.gov/Archives/edgar/data/1852317/000000000023010829/filename1.pdf
2023-09-29,HODL,VanEck Bitcoin ETF,0001838028,UPLOAD,,0000000000-23-010836,https://www.sec.gov/Archives/edgar/data/1838028/000000000023010836/filename1.pdf
2023-09-29,IBIT,iShares Bitcoin Trust ETF,0001980994,UPLOAD,,0000000000-23-010822,https://www.sec.gov/Archives/edgar/data/1980994/000000000023010822/filename1.pdf
2023-10-06,BTCO,Invesco Galaxy Bitcoin ETF,0001855781,CORRESP,,0001193125-23-252430,https://www.sec.gov/Archives/edgar/data/1855781/000119312523252430/filename1.htm
2023-10-06,GBTC,Grayscale Bitcoin Trust ETF,0001588489,CORRESP,,0001193125-23-252439,https://www.sec.gov/Archives/edgar/data/1588489/000119312523252439/filename1.htm
2023-10-11,ARKB,Ark 21Shares Bitcoin ETF,0001869699,S-1/A,,0001193125-23-254102,https://www.sec.gov/Archives/edgar/data/1869699/000119312523254102/d549524ds1a.htm
2023-10-11,ARKB,Ark 21Shares Bitcoin ETF,0001869699,CORRESP,,0001193125-23-254107,https://www.sec.gov/Archives/edgar/data/1869699/000119312523254107/filename1.htm
2023-10-12,BTCO,Invesco Galaxy Bitcoin ETF,0001855781,CORRESP,,0001193125-23-254548,https://www.sec.gov/Archives/edgar/data/1855781/000119312523254548/filename1.htm
2023-10-13,BTCO,Invesco Galaxy Bitcoin ETF,0001855781,S-1/A,,0001193125-23-256014,https://www.sec.gov/Archives/edgar/data/1855781/000119312523256014/d507893ds1a.htm
2023-10-17,FBTC,Fidelity Wise Origin Bitcoin Fund,0001852317,S-1/A,,0001193125-23-257755,https://www.sec.gov/Archives/edgar/data/1852317/000119312523257755/d375081ds1a.htm
2023-10-17,FBTC,Fidelity Wise Origin Bitcoin Fund,0001852317,CORRESP,,0001193125-23-257757,https://www.sec.gov/Archives/edgar/data/1852317/000119312523257757/filename1.htm
2023-10-19,GBTC,Grayscale Bitcoin Trust ETF,0001588489,8-K,2023-10-19,0000950170-23-054037,https://www.sec.gov/Archives/edgar/data/1588489/000095017023054037/gbtc-20231019.htm
2023-10-19,GBTC,Grayscale Bitcoin Trust ETF,0001588489,FWP,,0000950170-23-054149,https://www.sec.gov/Archives/edgar/data/1588489/000095017023054149/gbtc_s3_email_5346281410.htm
2023-10-19,GBTC,Grayscale Bitcoin Trust ETF,0001588489,FWP,,0000950170-23-054159,https://www.sec.gov/Archives/edgar/data/1588489/000095017023054159/all_products_page_535884.htm
2023-10-19,GBTC,Grayscale Bitcoin Trust ETF,0001588489,FWP,,0000950170-23-054160,https://www.sec.gov/Archives/edgar/data/1588489/000095017023054160/s-3_blog_10-19_gbtc_fwp.htm
2023-10-19,GBTC,Grayscale Bitcoin Trust ETF,0001588489,FWP,,0000950170-23-054163,https://www.sec.gov/Archives/edgar/data/1588489/000095017023054163/s-3_social_media_posts_g.htm
2023-10-19,GBTC,Grayscale Bitcoin Trust ETF,0001588489,FWP,,0000950170-23-054180,https://www.sec.gov/Archives/edgar/data/1588489/000095017023054180/gbtc_product_page_535936.htm
2023-10-19,GBTC,Grayscale Bitcoin Trust ETF,0001588489,FWP,,0000950170-23-054181,https://www.sec.gov/Archives/edgar/data/1588489/000095017023054181/gbtc_lawsuit_page_536016.htm
2023-10-19,GBTC,Grayscale Bitcoin Trust ETF,0001588489,FWP,,0000950170-23-054187,https://www.sec.gov/Archives/edgar/data/1588489/000095017023054187/grayscale_homepage_53603.htm
2023-10-19,GBTC,Grayscale Bitcoin Trust ETF,0001588489,FWP,,0000950170-23-054190,https://www.sec.gov/Archives/edgar/data/1588489/000095017023054190/start_investing_page_536.htm
2023-10-19,GBTC,Grayscale Bitcoin Trust ETF,0001588489,FWP,,0000950170-23-054208,https://www.sec.gov/Archives/edgar/data/1588489/000095017023054208/reg._filings_page_535884.htm
2023-10-19,GBTC,Grayscale Bitcoin Trust ETF,0001588489,S-3,,0001193125-23-258940,https://www.sec.gov/Archives/edgar/data/1588489/000119312523258940/d569843ds3.htm
2023-10-19,IBIT,iShares Bitcoin Trust ETF,0001980994,S-1/A,,0001437749-23-028549,https://www.sec.gov/Archives/edgar/data/1980994/000143774923028549/bit20231017_s1a.htm
2023-10-19,IBIT,iShares Bitcoin Trust ETF,0001980994,CORRESP,,0001437749-23-028552,https://www.sec.gov/Archives/edgar/data/1980994/000143774923028552/filename1.htm
2023-10-20,GBTC,Grayscale Bitcoin Trust ETF,0001588489,FWP,,0000950170-23-054311,https://www.sec.gov/Archives/edgar/data/1588489/000095017023054311/s3_filing_-_display_ad.htm
2023-10-20,GBTC,Grayscale Bitcoin Trust ETF,0001588489,FWP,,0000950170-23-054384,https://www.sec.gov/Archives/edgar/data/1588489/000095017023054384/s3_filing_-_airport_ooh.htm
2023-10-23,GBTC,Grayscale Bitcoin Trust ETF,0001588489,FWP,,0000950170-23-054557,https://www.sec.gov/Archives/edgar/data/1588489/000095017023054557/s3_filing_-_gbtc_one_sto.htm
2023-10-23,GBTC,Grayscale Bitcoin Trust ETF,0001588489,FWP,,0000950170-23-054558,https://www.sec.gov/Archives/edgar/data/1588489/000095017023054558/s3_filing_-_gbtc_crossto.htm
2023-10-23,GBTC,Grayscale Bitcoin Trust ETF,0001588489,FWP,,0000950170-23-054631,https://www.sec.gov/Archives/edgar/data/1588489/000095017023054631/s3_filing_-_gbtc_headlin.htm
2023-10-23,GBTC,Grayscale Bitcoin Trust ETF,0001588489,FWP,,0000950170-23-054639,https://www.sec.gov/Archives/edgar/data/1588489/000095017023054639/s3_filing_-_gbtc_headlin.htm
2023-10-24,GBTC,Grayscale Bitcoin Trust ETF,0001588489,FWP,,0000950170-23-054739,https://www.sec.gov/Archives/edgar/data/1588489/000095017023054739/s3_filing_-_gbtc_tvc_exp.htm
2023-10-25,BITB,Bitwise Bitcoin ETF,0001763415,S-1/A,,0001387131-23-012681,https://www.sec.gov/Archives/edgar/data/1763415/000138713123012681/bitwise-s1a_102523.htm
2023-10-26,BITB,Bitwise Bitcoin ETF,0001763415,CORRESP,,0001839882-23-028269,https://www.sec.gov/Archives/edgar/data/1763415/000183988223028269/filename1.htm
2023-10-27,HODL,VanEck Bitcoin ETF,0001838028,S-1/A,,0000930413-23-002392,https://www.sec.gov/Archives/edgar/data/1838028/000093041323002392/c106800_s1a.htm
2023-10-27,HODL,VanEck Bitcoin ETF,0001838028,CORRESP,,0000930413-23-002393,https://www.sec.gov/Archives/edgar/data/1838028/000093041323002393/filename1.htm
2023-10-30,BRRR,CoinShares Bitcoin ETF,0001841175,S-1/A,,0001839882-23-028805,https://www.sec.gov/Archives/edgar/data/1841175/000183988223028805/valkyrie-s1a_103023.htm
2023-10-30,BRRR,CoinShares Bitcoin ETF,0001841175,CORRESP,,0001839882-23-028806,https://www.sec.gov/Archives/edgar/data/1841175/000183988223028806/filename1.htm
2023-11-02,ARKB,Ark 21Shares Bitcoin ETF,0001869699,UPLOAD,,0000000000-23-011988,https://www.sec.gov/Archives/edgar/data/1869699/000000000023011988/filename1.pdf
2023-11-02,GBTC,Grayscale Bitcoin Trust ETF,0001588489,8-K,2023-10-28,0000950170-23-057765,https://www.sec.gov/Archives/edgar/data/1588489/000095017023057765/gbtc-20231028.htm
2023-11-03,BTCO,Invesco Galaxy Bitcoin ETF,0001855781,UPLOAD,,0000000000-23-012084,https://www.sec.gov/Archives/edgar/data/1855781/000000000023012084/filename1.pdf
2023-11-03,GBTC,Grayscale Bitcoin Trust ETF,0001588489,FWP,,0000950170-23-058889,https://www.sec.gov/Archives/edgar/data/1588489/000095017023058889/s-3_social_media_ads_gbt.htm
2023-11-03,GBTC,Grayscale Bitcoin Trust ETF,0001588489,10-Q,2023-09-30,0001193125-23-269949,https://www.sec.gov/Archives/edgar/data/1588489/000119312523269949/d499004d10q.htm
2023-11-06,FBTC,Fidelity Wise Origin Bitcoin Fund,0001852317,UPLOAD,,0000000000-23-012108,https://www.sec.gov/Archives/edgar/data/1852317/000000000023012108/filename1.pdf
2023-11-06,GBTC,Grayscale Bitcoin Trust ETF,0001588489,FWP,,0000950170-23-059272,https://www.sec.gov/Archives/edgar/data/1588489/000095017023059272/s3_-_path_digital_final.htm
2023-11-06,GBTC,Grayscale Bitcoin Trust ETF,0001588489,FWP,,0000950170-23-059276,https://www.sec.gov/Archives/edgar/data/1588489/000095017023059276/s3_-_chi.htm
2023-11-06,GBTC,Grayscale Bitcoin Trust ETF,0001588489,FWP,,0000950170-23-059277,https://www.sec.gov/Archives/edgar/data/1588489/000095017023059277/s3_-_lincoln_tunnel_ooh.htm
2023-11-06,GBTC,Grayscale Bitcoin Trust ETF,0001588489,FWP,,0000950170-23-059281,https://www.sec.gov/Archives/edgar/data/1588489/000095017023059281/s3_-_bos.htm
2023-11-07,GBTC,Grayscale Bitcoin Trust ETF,0001588489,FWP,,0000950170-23-060112,https://www.sec.gov/Archives/edgar/data/1588489/000095017023060112/gbtc_s-3_filing_explaine.htm
2023-11-07,GBTC,Grayscale Bitcoin Trust ETF,0001588489,FWP,,0000950170-23-060116,https://www.sec.gov/Archives/edgar/data/1588489/000095017023060116/gbtc_product_page.htm
2023-11-07,GBTC,Grayscale Bitcoin Trust ETF,0001588489,FWP,,0000950170-23-060120,https://www.sec.gov/Archives/edgar/data/1588489/000095017023060120/gbtc_lawsuit_page.htm
2023-11-08,GBTC,Grayscale Bitcoin Trust ETF,0001588489,FWP,,0000950170-23-061180,https://www.sec.gov/Archives/edgar/data/1588489/000095017023061180/bloomberg_crypto_show_11.htm
2023-11-08,GBTC,Grayscale Bitcoin Trust ETF,0001588489,FWP,,0000950170-23-061258,https://www.sec.gov/Archives/edgar/data/1588489/000095017023061258/copy_of_fwp_template.htm
2023-11-09,GBTC,Grayscale Bitcoin Trust ETF,0001588489,FWP,,0000950170-23-061965,https://www.sec.gov/Archives/edgar/data/1588489/000095017023061965/fwp_template.htm
2023-11-13,GBTC,Grayscale Bitcoin Trust ETF,0001588489,FWP,,0000950170-23-062858,https://www.sec.gov/Archives/edgar/data/1588489/000095017023062858/marketwatch_11-9_sm_gbtc.htm
2023-11-13,IBIT,iShares Bitcoin Trust ETF,0001980994,UPLOAD,,0000000000-23-012441,https://www.sec.gov/Archives/edgar/data/1980994/000000000023012441/filename1.pdf
2023-11-14,BITB,Bitwise Bitcoin ETF,0001763415,UPLOAD,,0000000000-23-012481,https://www.sec.gov/Archives/edgar/data/1763415/000000000023012481/filename1.pdf
2023-11-14,GBTC,Grayscale Bitcoin Trust ETF,0001588489,FWP,,0000950170-23-063860,https://www.sec.gov/Archives/edgar/data/1588489/000095017023063860/fwp_template_1.1.htm
2023-11-15,GBTC,Grayscale Bitcoin Trust ETF,0001588489,FWP,,0000950170-23-064123,https://www.sec.gov/Archives/edgar/data/1588489/000095017023064123/dave_at_fmq_conference.htm
2023-11-15,GBTC,Grayscale Bitcoin Trust ETF,0001588489,FWP,,0000950170-23-064222,https://www.sec.gov/Archives/edgar/data/1588489/000095017023064222/zach_sirius_xm_11.15.23.htm
2023-11-16,BTCW,WisdomTree Bitcoin Fund,0001850391,CORRESP,,0001214659-23-015255,https://www.sec.gov/Archives/edgar/data/1850391/000121465923015255/filename1.htm
2023-11-16,BTCW,WisdomTree Bitcoin Fund,0001850391,S-1/A,,0001214659-23-015256,https://www.sec.gov/Archives/edgar/data/1850391/000121465923015256/d111123s1a3.htm
2023-11-16,GBTC,Grayscale Bitcoin Trust ETF,0001588489,UPLOAD,,0000000000-23-012594,https://www.sec.gov/Archives/edgar/data/1588489/000000000023012594/filename1.pdf
2023-11-16,GBTC,Grayscale Bitcoin Trust ETF,0001588489,UPLOAD,,0000000000-23-012606,https://www.sec.gov/Archives/edgar/data/1588489/000000000023012606/filename1.pdf
2023-11-16,GBTC,Grayscale Bitcoin Trust ETF,0001588489,FWP,,0000950170-23-064520,https://www.sec.gov/Archives/edgar/data/1588489/000095017023064520/gbtc_-_train_posts.htm
2023-11-17,BRRR,CoinShares Bitcoin ETF,0001841175,UPLOAD,,0000000000-23-012637,https://www.sec.gov/Archives/edgar/data/1841175/000000000023012637/filename1.pdf
2023-11-17,GBTC,Grayscale Bitcoin Trust ETF,0001588489,FWP,,0000950170-23-064725,https://www.sec.gov/Archives/edgar/data/1588489/000095017023064725/nyt_btc_etf_article.htm
2023-11-17,GBTC,Grayscale Bitcoin Trust ETF,0001588489,FWP,,0000950170-23-064728,https://www.sec.gov/Archives/edgar/data/1588489/000095017023064728/all_family_products_post.htm
2023-11-17,HODL,VanEck Bitcoin ETF,0001838028,UPLOAD,,0000000000-23-012633,https://www.sec.gov/Archives/edgar/data/1838028/000000000023012633/filename1.pdf
2023-11-20,ARKB,Ark 21Shares Bitcoin ETF,0001869699,S-1/A,,0001193125-23-280262,https://www.sec.gov/Archives/edgar/data/1869699/000119312523280262/d549524ds1a.htm
2023-11-20,ARKB,Ark 21Shares Bitcoin ETF,0001869699,CORRESP,,0001193125-23-280263,https://www.sec.gov/Archives/edgar/data/1869699/000119312523280263/filename1.htm
2023-11-21,GBTC,Grayscale Bitcoin Trust ETF,0001588489,CORRESP,,0001193125-23-281523,https://www.sec.gov/Archives/edgar/data/1588489/000119312523281523/filename1.htm
2023-11-21,GBTC,Grayscale Bitcoin Trust ETF,0001588489,8-K,2023-11-16,0001193125-23-281581,https://www.sec.gov/Archives/edgar/data/1588489/000119312523281581/d594902d8k.htm
2023-11-22,GBTC,Grayscale Bitcoin Trust ETF,0001588489,S-3/A,,0001193125-23-282341,https://www.sec.gov/Archives/edgar/data/1588489/000119312523282341/d720350ds3a.htm
2023-11-22,GBTC,Grayscale Bitcoin Trust ETF,0001588489,CORRESP,,0001193125-23-282394,https://www.sec.gov/Archives/edgar/data/1588489/000119312523282394/filename1.htm
2023-11-27,GBTC,Grayscale Bitcoin Trust ETF,0001588489,FWP,,0000950170-23-066044,https://www.sec.gov/Archives/edgar/data/1588489/000095017023066044/coin_desk_article_11.24.htm
2023-11-27,GBTC,Grayscale Bitcoin Trust ETF,0001588489,FWP,,0000950170-23-066132,https://www.sec.gov/Archives/edgar/data/1588489/000095017023066132/coindesk_article_zach_11.htm
2023-11-27,GBTC,Grayscale Bitcoin Trust ETF,0001588489,FWP,,0000950170-23-066159,https://www.sec.gov/Archives/edgar/data/1588489/000095017023066159/coindesk_gbtc_11.24.23.htm
2023-11-27,GBTC,Grayscale Bitcoin Trust ETF,0001588489,FWP,,0000950170-23-066162,https://www.sec.gov/Archives/edgar/data/1588489/000095017023066162/gbtc_fact_sheet.htm
2023-11-28,EZBC,Franklin Templeton Digital Holdings Trust,0001992870,S-1/A,,0001137439-23-001397,https://www.sec.gov/Archives/edgar/data/1992870/000113743923001397/ftdhts1a112023.htm
2023-11-28,EZBC,Franklin Templeton Digital Holdings Trust,0001992870,CORRESP,,0001137439-23-001399,https://www.sec.gov/Archives/edgar/data/1992870/000113743923001399/filename1.htm
2023-11-28,GBTC,Grayscale Bitcoin Trust ETF,0001588489,FWP,,0000950170-23-066410,https://www.sec.gov/Archives/edgar/data/1588489/000095017023066410/gbtc_product_page_v2.htm
2023-11-28,GBTC,Grayscale Bitcoin Trust ETF,0001588489,FWP,,0000950170-23-066464,https://www.sec.gov/Archives/edgar/data/1588489/000095017023066464/vettafi__dave_transcript.htm
2023-11-29,GBTC,Grayscale Bitcoin Trust ETF,0001588489,PRE 14A,2023-11-29,0000950170-23-066760,https://www.sec.gov/Archives/edgar/data/1588489/000095017023066760/gbtc_pre_14a_v2.htm
2023-11-29,GBTC,Grayscale Bitcoin Trust ETF,0001588489,FWP,,0000950170-23-066788,https://www.sec.gov/Archives/edgar/data/1588489/000095017023066788/zach_pandl_ftse_transcri.htm
2023-12-01,GBTC,Grayscale Bitcoin Trust ETF,0001588489,FWP,,0000950170-23-067231,https://www.sec.gov/Archives/edgar/data/1588489/000095017023067231/cnbc_meeting_article_12.htm
2023-12-01,GBTC,Grayscale Bitcoin Trust ETF,0001588489,FWP,,0000950170-23-067278,https://www.sec.gov/Archives/edgar/data/1588489/000095017023067278/cnbc_meeting_organic_12.htm
2023-12-01,GBTC,Grayscale Bitcoin Trust ETF,0001588489,FWP,,0000950170-23-067303,https://www.sec.gov/Archives/edgar/data/1588489/000095017023067303/holiday_analyst_invite_f.htm
2023-12-01,GBTC,Grayscale Bitcoin Trust ETF,0001588489,FWP,,0000950170-23-067312,https://www.sec.gov/Archives/edgar/data/1588489/000095017023067312/legal_qa_organic_12.1.23.htm
2023-12-01,GBTC,Grayscale Bitcoin Trust ETF,0001588489,FWP,,0000950170-23-067413,https://www.sec.gov/Archives/edgar/data/1588489/000095017023067413/uplist_blog_qa.htm
2023-12-04,BITB,Bitwise Bitcoin ETF,0001763415,S-1/A,,0001999371-23-000735,https://www.sec.gov/Archives/edgar/data/1763415/000199937123000735/bitwise-s1a_120423.htm
2023-12-04,BITB,Bitwise Bitcoin ETF,0001763415,CORRESP,,0001999371-23-000737,https://www.sec.gov/Archives/edgar/data/1763415/000199937123000737/filename1.htm
2023-12-04,GBTC,Grayscale Bitcoin Trust ETF,0001588489,FWP,,0000950170-23-067671,https://www.sec.gov/Archives/edgar/data/1588489/000095017023067671/gbtc_uplisting_link_to_b.htm
2023-12-04,IBIT,iShares Bitcoin Trust ETF,0001980994,S-1/A,,0001437749-23-033524,https://www.sec.gov/Archives/edgar/data/1980994/000143774923033524/bit20231201_s1a.htm
2023-12-04,IBIT,iShares Bitcoin Trust ETF,0001980994,CORRESP,,0001437749-23-033527,https://www.sec.gov/Archives/edgar/data/1980994/000143774923033527/filename1.htm
2023-12-05,GBTC,Grayscale Bitcoin Trust ETF,0001588489,FWP,,0000950170-23-068134,https://www.sec.gov/Archives/edgar/data/1588489/000095017023068134/follow-up_e-mail.htm
2023-12-05,GBTC,Grayscale Bitcoin Trust ETF,0001588489,FWP,,0000950170-23-068207,https://www.sec.gov/Archives/edgar/data/1588489/000095017023068207/michael_cnbc_12.5.23.htm
2023-12-05,GBTC,Grayscale Bitcoin Trust ETF,0001588489,FWP,,0000950170-23-068278,https://www.sec.gov/Archives/edgar/data/1588489/000095017023068278/grayscale_gbtc_12-5_cnbc.htm
2023-12-06,ARKB,Ark 21Shares Bitcoin ETF,0001869699,UPLOAD,,0000000000-23-013272,https://www.sec.gov/Archives/edgar/data/1869699/000000000023013272/filename1.pdf
2023-12-06,BTCW,WisdomTree Bitcoin Fund,0001850391,UPLOAD,,0000000000-23-013280,https://www.sec.gov/Archives/edgar/data/1850391/000000000023013280/filename1.pdf
2023-12-06,GBTC,Grayscale Bitcoin Trust ETF,0001588489,FWP,,0000950170-23-068388,https://www.sec.gov/Archives/edgar/data/1588489/000095017023068388/cnbc_retweet_-_last_call.htm
2023-12-06,GBTC,Grayscale Bitcoin Trust ETF,0001588489,FWP,,0000950170-23-068557,https://www.sec.gov/Archives/edgar/data/1588489/000095017023068557/grayscale_gbtc_12-6_sm.htm
2023-12-07,GBTC,Grayscale Bitcoin Trust ETF,0001588489,FWP,,0000950170-23-068771,https://www.sec.gov/Archives/edgar/data/1588489/000095017023068771/michael_yahoo_finance_12.htm
2023-12-07,GBTC,Grayscale Bitcoin Trust ETF,0001588489,FWP,,0000950170-23-068780,https://www.sec.gov/Archives/edgar/data/1588489/000095017023068780/gbtc_organic_12.7.23.htm
2023-12-07,GBTC,Grayscale Bitcoin Trust ETF,0001588489,FWP,,0000950170-23-068833,https://www.sec.gov/Archives/edgar/data/1588489/000095017023068833/gbtc_yahoo_finance_artic.htm
2023-12-08,FBTC,Fidelity Wise Origin Bitcoin Fund,0001852317,S-1/A,,0001193125-23-291749,https://www.sec.gov/Archives/edgar/data/1852317/000119312523291749/d375081ds1a.htm
2023-12-08,FBTC,Fidelity Wise Origin Bitcoin Fund,0001852317,CORRESP,,0001193125-23-291809,https://www.sec.gov/Archives/edgar/data/1852317/000119312523291809/filename1.htm
2023-12-08,GBTC,Grayscale Bitcoin Trust ETF,0001588489,FWP,,0000950170-23-068966,https://www.sec.gov/Archives/edgar/data/1588489/000095017023068966/gbtc_organic_long_12.8.2.htm
2023-12-08,HODL,VanEck Bitcoin ETF,0001838028,S-1/A,,0000930413-23-002543,https://www.sec.gov/Archives/edgar/data/1838028/000093041323002543/c106800_s1a.htm
2023-12-08,HODL,VanEck Bitcoin ETF,0001838028,CORRESP,,0000930413-23-002546,https://www.sec.gov/Archives/edgar/data/1838028/000093041323002546/filename1.htm
2023-12-11,GBTC,Grayscale Bitcoin Trust ETF,0001588489,FWP,,0000950170-23-069243,https://www.sec.gov/Archives/edgar/data/1588489/000095017023069243/gbtc_long_12.11.23.htm
2023-12-11,GBTC,Grayscale Bitcoin Trust ETF,0001588489,FWP,,0000950170-23-069361,https://www.sec.gov/Archives/edgar/data/1588489/000095017023069361/gbtc_holiday_analyst_inv.htm
2023-12-12,EZBC,Franklin Templeton Digital Holdings Trust,0001992870,UPLOAD,,0000000000-23-013512,https://www.sec.gov/Archives/edgar/data/1992870/000000000023013512/filename1.pdf
2023-12-12,GBTC,Grayscale Bitcoin Trust ETF,0001588489,UPLOAD,,0000000000-23-013513,https://www.sec.gov/Archives/edgar/data/1588489/000000000023013513/filename1.pdf
2023-12-12,GBTC,Grayscale Bitcoin Trust ETF,0001588489,FWP,,0000950170-23-069634,https://www.sec.gov/Archives/edgar/data/1588489/000095017023069634/gbtc_holiday_analyst_rem.htm
2023-12-12,GBTC,Grayscale Bitcoin Trust ETF,0001588489,FWP,,0000950170-23-069653,https://www.sec.gov/Archives/edgar/data/1588489/000095017023069653/gbtc_factsheet_12.12.htm
2023-12-12,GBTC,Grayscale Bitcoin Trust ETF,0001588489,FWP,,0000950170-23-069768,https://www.sec.gov/Archives/edgar/data/1588489/000095017023069768/gbtc_12-12_sm.htm
2023-12-13,BRRR,CoinShares Bitcoin ETF,0001841175,CORRESP,,0001999371-23-000977,https://www.sec.gov/Archives/edgar/data/1841175/000199937123000977/filename1.htm
2023-12-13,BTCO,Invesco Galaxy Bitcoin ETF,0001855781,S-1/A,,0001193125-23-294474,https://www.sec.gov/Archives/edgar/data/1855781/000119312523294474/d507893ds1a.htm
2023-12-13,BTCO,Invesco Galaxy Bitcoin ETF,0001855781,CORRESP,,0001193125-23-294476,https://www.sec.gov/Archives/edgar/data/1855781/000119312523294476/filename1.htm
2023-12-13,GBTC,Grayscale Bitcoin Trust ETF,0001588489,FWP,,0000950170-23-069941,https://www.sec.gov/Archives/edgar/data/1588489/000095017023069941/copy_of_template_for_fwp.htm
2023-12-14,BITB,Bitwise Bitcoin ETF,0001763415,UPLOAD,,0000000000-23-013621,https://www.sec.gov/Archives/edgar/data/1763415/000000000023013621/filename1.pdf
2023-12-14,BRRR,CoinShares Bitcoin ETF,0001841175,S-1/A,,0001999371-23-000976,https://www.sec.gov/Archives/edgar/data/1841175/000199937123000976/valkyrie-s1a_121423.htm
2023-12-14,GBTC,Grayscale Bitcoin Trust ETF,0001588489,FWP,,0000950170-23-070310,https://www.sec.gov/Archives/edgar/data/1588489/000095017023070310/ria_article_12.14.htm
2023-12-14,GBTC,Grayscale Bitcoin Trust ETF,0001588489,FWP,,0000950170-23-070366,https://www.sec.gov/Archives/edgar/data/1588489/000095017023070366/zach_on_public.com_12.13.htm
2023-12-15,GBTC,Grayscale Bitcoin Trust ETF,0001588489,FWP,,0000950170-23-070672,https://www.sec.gov/Archives/edgar/data/1588489/000095017023070672/michael_on_fox_12.15.23.htm
2023-12-15,GBTC,Grayscale Bitcoin Trust ETF,0001588489,FWP,,0000950170-23-070810,https://www.sec.gov/Archives/edgar/data/1588489/000095017023070810/fwp_-_ria_channel_webpag.htm
2023-12-15,GBTC,Grayscale Bitcoin Trust ETF,0001588489,FWP,,0000950170-23-070830,https://www.sec.gov/Archives/edgar/data/1588489/000095017023070830/gbtc_tax_blog_12-15.htm
2023-12-18,ARKB,Ark 21Shares Bitcoin ETF,0001869699,S-1/A,,0001193125-23-297571,https://www.sec.gov/Archives/edgar/data/1869699/000119312523297571/d549524ds1a.htm
2023-12-18,ARKB,Ark 21Shares Bitcoin ETF,0001869699,CORRESP,,0001193125-23-297573,https://www.sec.gov/Archives/edgar/data/1869699/000119312523297573/filename1.htm
2023-12-18,BTCW,WisdomTree Bitcoin Fund,0001850391,S-1/A,,0001214659-23-016547,https://www.sec.gov/Archives/edgar/data/1850391/000121465923016547/e1218231s1a4.htm
2023-12-18,FBTC,Fidelity Wise Origin Bitcoin Fund,0001852317,UPLOAD,,0000000000-23-013775,https://www.sec.gov/Archives/edgar/data/1852317/000000000023013775/filename1.pdf
2023-12-18,GBTC,Grayscale Bitcoin Trust ETF,0001588489,FWP,,0000950170-23-070945,https://www.sec.gov/Archives/edgar/data/1588489/000095017023070945/gbtc_tax_blog_12-15_sm.htm
2023-12-18,GBTC,Grayscale Bitcoin Trust ETF,0001588489,FWP,,0000950170-23-071126,https://www.sec.gov/Archives/edgar/data/1588489/000095017023071126/gbtc_12-18_sm.htm
2023-12-18,GBTC,Grayscale Bitcoin Trust ETF,0001588489,FWP,,0000950170-23-071127,https://www.sec.gov/Archives/edgar/data/1588489/000095017023071127/cnbc_12.18.htm
2023-12-18,GBTC,Grayscale Bitcoin Trust ETF,0001588489,DEF 14A,2023-12-18,0000950170-23-071172,https://www.sec.gov/Archives/edgar/data/1588489/000095017023071172/gbtc_def_14a.htm
2023-12-18,IBIT,iShares Bitcoin Trust ETF,0001980994,UPLOAD,,0000000000-23-013802,https://www.sec.gov/Archives/edgar/data/1980994/000000000023013802/filename1.pdf
2023-12-18,IBIT,iShares Bitcoin Trust ETF,0001980994,S-1/A,,0001437749-23-034772,https://www.sec.gov/Archives/edgar/data/1980994/000143774923034772/bit20231215_s1a.htm
2023-12-18,IBIT,iShares Bitcoin Trust ETF,0001980994,CORRESP,,0001437749-23-034774,https://www.sec.gov/Archives/edgar/data/1980994/000143774923034774/filename1.htm
2023-12-19,GBTC,Grayscale Bitcoin Trust ETF,0001588489,FWP,,0000950170-23-071230,https://www.sec.gov/Archives/edgar/data/1588489/000095017023071230/bloomberg_12.18.htm
2023-12-20,BRRR,CoinShares Bitcoin ETF,0001841175,UPLOAD,,0000000000-23-013929,https://www.sec.gov/Archives/edgar/data/1841175/000000000023013929/filename1.pdf
2023-12-20,HODL,VanEck Bitcoin ETF,0001838028,UPLOAD,,0000000000-23-013913,https://www.sec.gov/Archives/edgar/data/1838028/000000000023013913/filename1.pdf
2023-12-21,ARKB,Ark 21Shares Bitcoin ETF,0001869699,UPLOAD,,0000000000-23-013995,https://www.sec.gov/Archives/edgar/data/1869699/000000000023013995/filename1.pdf
2023-12-21,BTCO,Invesco Galaxy Bitcoin ETF,0001855781,UPLOAD,,0000000000-23-013980,https://www.sec.gov/Archives/edgar/data/1855781/000000000023013980/filename1.pdf
2023-12-21,GBTC,Grayscale Bitcoin Trust ETF,0001588489,FWP,,0000950170-23-072164,https://www.sec.gov/Archives/edgar/data/1588489/000095017023072164/fox_12.20.htm
2023-12-21,GBTC,Grayscale Bitcoin Trust ETF,0001588489,FWP,,0000950170-23-072215,https://www.sec.gov/Archives/edgar/data/1588489/000095017023072215/gbtc_12-21_sm.htm
2023-12-22,GBTC,Grayscale Bitcoin Trust ETF,0001588489,FWP,,0000950170-23-072312,https://www.sec.gov/Archives/edgar/data/1588489/000095017023072312/gbtc_proactiv_12-21_tran.htm
2023-12-22,IBIT,iShares Bitcoin Trust ETF,0001980994,S-1/A,,0001437749-23-035270,https://www.sec.gov/Archives/edgar/data/1980994/000143774923035270/bit20231221_s1a.htm
2023-12-22,IBIT,iShares Bitcoin Trust ETF,0001980994,CORRESP,,0001437749-23-035272,https://www.sec.gov/Archives/edgar/data/1980994/000143774923035272/filename1.htm
2023-12-26,GBTC,Grayscale Bitcoin Trust ETF,0001588489,8-K,2023-12-26,0000950170-23-072820,https://www.sec.gov/Archives/edgar/data/1588489/000095017023072820/gbtc-20231226.htm
2023-12-26,GBTC,Grayscale Bitcoin Trust ETF,0001588489,FWP,,0000950170-23-072890,https://www.sec.gov/Archives/edgar/data/1588489/000095017023072890/video_gbtc_12.26.23.htm
2023-12-26,GBTC,Grayscale Bitcoin Trust ETF,0001588489,FWP,,0000950170-23-073062,https://www.sec.gov/Archives/edgar/data/1588489/000095017023073062/grayscale_dec_22_letter.htm
2023-12-26,GBTC,Grayscale Bitcoin Trust ETF,0001588489,FWP,,0000950170-23-073066,https://www.sec.gov/Archives/edgar/data/1588489/000095017023073066/grayscale_jan_22_letter.htm
2023-12-26,GBTC,Grayscale Bitcoin Trust ETF,0001588489,S-3/A,,0001193125-23-303057,https://www.sec.gov/Archives/edgar/data/1588489/000119312523303057/d652169ds3a.htm
2023-12-26,GBTC,Grayscale Bitcoin Trust ETF,0001588489,CORRESP,,0001193125-23-303067,https://www.sec.gov/Archives/edgar/data/1588489/000119312523303067/filename1.htm
2023-12-27,BTCW,WisdomTree Bitcoin Fund,0001850391,UPLOAD,,0000000000-23-014128,https://www.sec.gov/Archives/edgar/data/1850391/000000000023014128/filename1.pdf
2023-12-28,ARKB,Ark 21Shares Bitcoin ETF,0001869699,S-1/A,,0001193125-23-305204,https://www.sec.gov/Archives/edgar/data/1869699/000119312523305204/d549524ds1a.htm
2023-12-28,ARKB,Ark 21Shares Bitcoin ETF,0001869699,CORRESP,,0001193125-23-305210,https://www.sec.gov/Archives/edgar/data/1869699/000119312523305210/filename1.htm
2023-12-28,GBTC,Grayscale Bitcoin Trust ETF,0001588489,FWP,,0000950170-23-073475,https://www.sec.gov/Archives/edgar/data/1588489/000095017023073475/cnbc_article_social_12.2.htm
2023-12-28,GBTC,Grayscale Bitcoin Trust ETF,0001588489,FWP,,0000950170-23-073476,https://www.sec.gov/Archives/edgar/data/1588489/000095017023073476/cnbc_article_12.28.htm
2023-12-28,GBTC,Grayscale Bitcoin Trust ETF,0001588489,FWP,,0000950170-23-073490,https://www.sec.gov/Archives/edgar/data/1588489/000095017023073490/s3_-_bloomberg_spotlight.htm
2023-12-28,GBTC,Grayscale Bitcoin Trust ETF,0001588489,FWP,,0000950170-23-073495,https://www.sec.gov/Archives/edgar/data/1588489/000095017023073495/4_square_gbtc_12.27.23.htm
2023-12-29,BITB,Bitwise Bitcoin ETF,0001763415,S-1/A,,0001999371-23-001324,https://www.sec.gov/Archives/edgar/data/1763415/000199937123001324/bitwise-s1a_122923.htm
2023-12-29,BITB,Bitwise Bitcoin ETF,0001763415,CORRESP,,0001999371-23-001326,https://www.sec.gov/Archives/edgar/data/1763415/000199937123001326/filename1.htm
2023-12-29,BITB,Bitwise Bitcoin ETF,0001763415,S-1/A,,0001999371-23-001336,https://www.sec.gov/Archives/edgar/data/1763415/000199937123001336/bitwise-s1a_122923.htm
2023-12-29,BITB,Bitwise Bitcoin ETF,0001763415,8-A12B,,0001999371-23-001337,https://www.sec.gov/Archives/edgar/data/1763415/000199937123001337/bitwise-8a12b_122923.htm
2023-12-29,BRRR,CoinShares Bitcoin ETF,0001841175,S-1/A,,0001999371-23-001312,https://www.sec.gov/Archives/edgar/data/1841175/000199937123001312/valkyrie-s1a_122923.htm
2023-12-29,BRRR,CoinShares Bitcoin ETF,0001841175,CORRESP,,0001999371-23-001313,https://www.sec.gov/Archives/edgar/data/1841175/000199937123001313/filename1.htm
2023-12-29,BTCO,Invesco Galaxy Bitcoin ETF,0001855781,S-1/A,,0001193125-23-306025,https://www.sec.gov/Archives/edgar/data/1855781/000119312523306025/d507893ds1a.htm
2023-12-29,BTCO,Invesco Galaxy Bitcoin ETF,0001855781,CORRESP,,0001193125-23-306028,https://www.sec.gov/Archives/edgar/data/1855781/000119312523306028/filename1.htm
2023-12-29,BTCW,WisdomTree Bitcoin Fund,0001850391,CORRESP,,0001214659-23-017128,https://www.sec.gov/Archives/edgar/data/1850391/000121465923017128/filename1.htm
2023-12-29,BTCW,WisdomTree Bitcoin Fund,0001850391,S-1/A,,0001214659-23-017131,https://www.sec.gov/Archives/edgar/data/1850391/000121465923017131/wtb1228234s1a5.htm
2023-12-29,EZBC,Franklin Templeton Digital Holdings Trust,0001992870,CORRESP,,0001137439-23-001485,https://www.sec.gov/Archives/edgar/data/1992870/000113743923001485/filename1.htm
2023-12-29,EZBC,Franklin Templeton Digital Holdings Trust,0001992870,S-1/A,,0001137439-23-001486,https://www.sec.gov/Archives/edgar/data/1992870/000113743923001486/ftdhts1a122023.htm
2023-12-29,FBTC,Fidelity Wise Origin Bitcoin Fund,0001852317,S-1/A,,0001193125-23-306021,https://www.sec.gov/Archives/edgar/data/1852317/000119312523306021/d375081ds1a.htm
2023-12-29,FBTC,Fidelity Wise Origin Bitcoin Fund,0001852317,CORRESP,,0001193125-23-306022,https://www.sec.gov/Archives/edgar/data/1852317/000119312523306022/filename1.htm
2023-12-29,FBTC,Fidelity Wise Origin Bitcoin Fund,0001852317,CORRESP,,0001193125-23-306024,https://www.sec.gov/Archives/edgar/data/1852317/000119312523306024/filename1.htm
2023-12-29,GBTC,Grayscale Bitcoin Trust ETF,0001588489,FWP,,0000950170-23-073926,https://www.sec.gov/Archives/edgar/data/1588489/000095017023073926/gbtc_aps_post_12-29.htm
2023-12-29,HODL,VanEck Bitcoin ETF,0001838028,S-1/A,,0000930413-23-002749,https://www.sec.gov/Archives/edgar/data/1838028/000093041323002749/c106800_s1a.htm
2023-12-29,HODL,VanEck Bitcoin ETF,0001838028,CORRESP,,0000930413-23-002751,https://www.sec.gov/Archives/edgar/data/1838028/000093041323002751/filename1.htm
2023-12-29,IBIT,iShares Bitcoin Trust ETF,0001980994,S-1/A,,0001437749-23-035559,https://www.sec.gov/Archives/edgar/data/1980994/000143774923035559/bit20231227_s1a.htm
2023-12-29,IBIT,iShares Bitcoin Trust ETF,0001980994,CORRESP,,0001437749-23-035560,https://www.sec.gov/Archives/edgar/data/1980994/000143774923035560/filename1.htm
2024-01-02,GBTC,Grayscale Bitcoin Trust ETF,0001588489,FWP,,0000950170-23-073934,https://www.sec.gov/Archives/edgar/data/1588489/000095017023073934/coindeskarticle_6.27.htm
2024-01-02,GBTC,Grayscale Bitcoin Trust ETF,0001588489,S-3/A,,0001193125-23-306046,https://www.sec.gov/Archives/edgar/data/1588489/000119312523306046/d118708ds3a.htm
2024-01-03,FBTC,Fidelity Wise Origin Bitcoin Fund,0001852317,8-A12B,,0001193125-24-001377,https://www.sec.gov/Archives/edgar/data/1852317/000119312524001377/d582196d8a12b.htm
2024-01-04,ARKB,Ark 21Shares Bitcoin ETF,0001869699,8-A12B,,0001193125-24-002254,https://www.sec.gov/Archives/edgar/data/1869699/000119312524002254/d647221d8a12b.htm
2024-01-04,BRRR,CoinShares Bitcoin ETF,0001841175,8-A12B,,0001999371-24-000087,https://www.sec.gov/Archives/edgar/data/1841175/000199937124000087/bitcoin-8a12b_010424.htm
2024-01-04,GBTC,Grayscale Bitcoin Trust ETF,0001588489,8-A12B,,0000950170-24-001501,https://www.sec.gov/Archives/edgar/data/1588489/000095017024001501/btc_form_8-a12b_1.4.24.htm
2024-01-04,GBTC,Grayscale Bitcoin Trust ETF,0001588489,FWP,,0000950170-24-001987,https://www.sec.gov/Archives/edgar/data/1588489/000095017024001987/politico_1.4.24.htm
2024-01-04,GBTC,Grayscale Bitcoin Trust ETF,0001588489,FWP,,0000950170-24-001992,https://www.sec.gov/Archives/edgar/data/1588489/000095017024001992/gbtc_politico_sm_1.4.24.htm
2024-01-04,GBTC,Grayscale Bitcoin Trust ETF,0001588489,FWP,,0000950170-24-002040,https://www.sec.gov/Archives/edgar/data/1588489/000095017024002040/qa_blog_social_1.04.24.htm
2024-01-04,GBTC,Grayscale Bitcoin Trust ETF,0001588489,D/A,,0001209191-24-000712,https://www.sec.gov/Archives/edgar/data/1588489/000120919124000712/xslFormDX01/primary_doc.xml
2024-01-04,HODL,VanEck Bitcoin ETF,0001838028,8-A12B,,0000930413-24-000030,https://www.sec.gov/Archives/edgar/data/1838028/000093041324000030/c107594_8a12b.htm
2024-01-05,ARKB,Ark 21Shares Bitcoin ETF,0001869699,UPLOAD,,0000000000-24-000188,https://www.sec.gov/Archives/edgar/data/1869699/000000000024000188/filename1.pdf
2024-01-05,BITB,Bitwise Bitcoin ETF,0001763415,UPLOAD,,0000000000-24-000197,https://www.sec.gov/Archives/edgar/data/1763415/000000000024000197/filename1.pdf
2024-01-05,BRRR,CoinShares Bitcoin ETF,0001841175,UPLOAD,,0000000000-24-000191,https://www.sec.gov/Archives/edgar/data/1841175/000000000024000191/filename1.pdf
2024-01-05,BTCO,Invesco Galaxy Bitcoin ETF,0001855781,UPLOAD,,0000000000-24-000178,https://www.sec.gov/Archives/edgar/data/1855781/000000000024000178/filename1.pdf
2024-01-05,BTCW,WisdomTree Bitcoin Fund,0001850391,UPLOAD,,0000000000-24-000196,https://www.sec.gov/Archives/edgar/data/1850391/000000000024000196/filename1.pdf
2024-01-05,BTCW,WisdomTree Bitcoin Fund,0001850391,8-A12B,,0001214659-24-000332,https://www.sec.gov/Archives/edgar/data/1850391/000121465924000332/wtb152448a12b.htm
2024-01-05,EZBC,Franklin Templeton Digital Holdings Trust,0001992870,UPLOAD,,0000000000-24-000193,https://www.sec.gov/Archives/edgar/data/1992870/000000000024000193/filename1.pdf
2024-01-05,FBTC,Fidelity Wise Origin Bitcoin Fund,0001852317,UPLOAD,,0000000000-24-000195,https://www.sec.gov/Archives/edgar/data/1852317/000000000024000195/filename1.pdf
2024-01-05,GBTC,Grayscale Bitcoin Trust ETF,0001588489,UPLOAD,,0000000000-24-000186,https://www.sec.gov/Archives/edgar/data/1588489/000000000024000186/filename1.pdf
2024-01-05,GBTC,Grayscale Bitcoin Trust ETF,0001588489,8-K,2023-12-29,0000950170-24-002547,https://www.sec.gov/Archives/edgar/data/1588489/000095017024002547/gbtc-20231229.htm
2024-01-05,HODL,VanEck Bitcoin ETF,0001838028,UPLOAD,,0000000000-24-000194,https://www.sec.gov/Archives/edgar/data/1838028/000000000024000194/filename1.pdf
2024-01-05,IBIT,iShares Bitcoin Trust ETF,0001980994,UPLOAD,,0000000000-24-000181,https://www.sec.gov/Archives/edgar/data/1980994/000000000024000181/filename1.pdf
2024-01-08,ARKB,Ark 21Shares Bitcoin ETF,0001869699,UPLOAD,,0000000000-24-000278,https://www.sec.gov/Archives/edgar/data/1869699/000000000024000278/filename1.pdf
2024-01-08,ARKB,Ark 21Shares Bitcoin ETF,0001869699,CORRESP,,0001193125-24-003817,https://www.sec.gov/Archives/edgar/data/1869699/000119312524003817/filename1.htm
2024-01-08,ARKB,Ark 21Shares Bitcoin ETF,0001869699,S-1/A,,0001193125-24-003823,https://www.sec.gov/Archives/edgar/data/1869699/000119312524003823/d549524ds1a.htm
2024-01-08,BITB,Bitwise Bitcoin ETF,0001763415,UPLOAD,,0000000000-24-000274,https://www.sec.gov/Archives/edgar/data/1763415/000000000024000274/filename1.pdf
2024-01-08,BITB,Bitwise Bitcoin ETF,0001763415,S-1/A,,0001839882-24-000524,https://www.sec.gov/Archives/edgar/data/1763415/000183988224000524/bitcoin-s1a_010824.htm
2024-01-08,BITB,Bitwise Bitcoin ETF,0001763415,CORRESP,,0001839882-24-000525,https://www.sec.gov/Archives/edgar/data/1763415/000183988224000525/filename1.htm
2024-01-08,BRRR,CoinShares Bitcoin ETF,0001841175,UPLOAD,,0000000000-24-000282,https://www.sec.gov/Archives/edgar/data/1841175/000000000024000282/filename1.pdf
2024-01-08,BRRR,CoinShares Bitcoin ETF,0001841175,S-1/A,,0001839882-24-000518,https://www.sec.gov/Archives/edgar/data/1841175/000183988224000518/bitcoin-s1a_010824.htm
2024-01-08,BRRR,CoinShares Bitcoin ETF,0001841175,CORRESP,,0001839882-24-000519,https://www.sec.gov/Archives/edgar/data/1841175/000183988224000519/filename1.htm
2024-01-08,BTCO,Invesco Galaxy Bitcoin ETF,0001855781,UPLOAD,,0000000000-24-000280,https://www.sec.gov/Archives/edgar/data/1855781/000000000024000280/filename1.pdf
2024-01-08,BTCO,Invesco Galaxy Bitcoin ETF,0001855781,S-1/A,,0001193125-24-003812,https://www.sec.gov/Archives/edgar/data/1855781/000119312524003812/d507893ds1a.htm
2024-01-08,BTCO,Invesco Galaxy Bitcoin ETF,0001855781,CORRESP,,0001193125-24-003820,https://www.sec.gov/Archives/edgar/data/1855781/000119312524003820/filename1.htm
2024-01-08,BTCO,Invesco Galaxy Bitcoin ETF,0001855781,8-A12B,,0001193125-24-004143,https://www.sec.gov/Archives/edgar/data/1855781/000119312524004143/d683656d8a12b.htm
2024-01-08,BTCW,WisdomTree Bitcoin Fund,0001850391,UPLOAD,,0000000000-24-000272,https://www.sec.gov/Archives/edgar/data/1850391/000000000024000272/filename1.pdf
2024-01-08,BTCW,WisdomTree Bitcoin Fund,0001850391,S-1/A,,0001214659-24-000371,https://www.sec.gov/Archives/edgar/data/1850391/000121465924000371/wtbs1a6.htm
2024-01-08,BTCW,WisdomTree Bitcoin Fund,0001850391,CORRESP,,0001214659-24-000373,https://www.sec.gov/Archives/edgar/data/1850391/000121465924000373/filename1.htm
2024-01-08,BTCW,WisdomTree Bitcoin Fund,0001850391,CORRESP,,0001214659-24-000375,https://www.sec.gov/Archives/edgar/data/1850391/000121465924000375/filename1.htm
2024-01-08,EZBC,Franklin Templeton Digital Holdings Trust,0001992870,UPLOAD,,0000000000-24-000275,https://www.sec.gov/Archives/edgar/data/1992870/000000000024000275/filename1.pdf
2024-01-08,EZBC,Franklin Templeton Digital Holdings Trust,0001992870,CORRESP,,0001137439-24-000037,https://www.sec.gov/Archives/edgar/data/1992870/000113743924000037/filename1.htm
2024-01-08,EZBC,Franklin Templeton Digital Holdings Trust,0001992870,S-1/A,,0001137439-24-000039,https://www.sec.gov/Archives/edgar/data/1992870/000113743924000039/ftdhts1a01082024.htm
2024-01-08,EZBC,Franklin Templeton Digital Holdings Trust,0001992870,8-A12B,,0001137439-24-000043,https://www.sec.gov/Archives/edgar/data/1992870/000113743924000043/ftdht8a012024.htm
2024-01-08,FBTC,Fidelity Wise Origin Bitcoin Fund,0001852317,UPLOAD,,0000000000-24-000279,https://www.sec.gov/Archives/edgar/data/1852317/000000000024000279/filename1.pdf
2024-01-08,FBTC,Fidelity Wise Origin Bitcoin Fund,0001852317,S-1/A,,0001193125-24-003839,https://www.sec.gov/Archives/edgar/data/1852317/000119312524003839/d375081ds1a.htm
2024-01-08,FBTC,Fidelity Wise Origin Bitcoin Fund,0001852317,CORRESP,,0001193125-24-003842,https://www.sec.gov/Archives/edgar/data/1852317/000119312524003842/filename1.htm
2024-01-08,GBTC,Grayscale Bitcoin Trust ETF,0001588489,UPLOAD,,0000000000-24-000247,https://www.sec.gov/Archives/edgar/data/1588489/000000000024000247/filename1.pdf
2024-01-08,GBTC,Grayscale Bitcoin Trust ETF,0001588489,UPLOAD,,0000000000-24-000276,https://www.sec.gov/Archives/edgar/data/1588489/000000000024000276/filename1.pdf
2024-01-08,GBTC,Grayscale Bitcoin Trust ETF,0001588489,FWP,,0000950170-24-002551,https://www.sec.gov/Archives/edgar/data/1588489/000095017024002551/gbtc_19b-4_social_1.05.2.htm
2024-01-08,GBTC,Grayscale Bitcoin Trust ETF,0001588489,FWP,,0000950170-24-002571,https://www.sec.gov/Archives/edgar/data/1588489/000095017024002571/gbtc_19b-4_tweet_1.5.24.htm
2024-01-08,GBTC,Grayscale Bitcoin Trust ETF,0001588489,FWP,,0000950170-24-002814,https://www.sec.gov/Archives/edgar/data/1588489/000095017024002814/coindesk_gbtc_social_1.0.htm
2024-01-08,GBTC,Grayscale Bitcoin Trust ETF,0001588489,FWP,,0000950170-24-003012,https://www.sec.gov/Archives/edgar/data/1588489/000095017024003012/coindesk_gbtc_article_1.htm
2024-01-08,GBTC,Grayscale Bitcoin Trust ETF,0001588489,S-3/A,,0001193125-24-003901,https://www.sec.gov/Archives/edgar/data/1588489/000119312524003901/d144925ds3a.htm
2024-01-08,GBTC,Grayscale Bitcoin Trust ETF,0001588489,CORRESP,,0001193125-24-003905,https://www.sec.gov/Archives/edgar/data/1588489/000119312524003905/filename1.htm
2024-01-08,GBTC,Grayscale Bitcoin Trust ETF,0001588489,CORRESP,,0001193125-24-004572,https://www.sec.gov/Archives/edgar/data/1588489/000119312524004572/filename1.htm
2024-01-08,HODL,VanEck Bitcoin ETF,0001838028,UPLOAD,,0000000000-24-000281,https://www.sec.gov/Archives/edgar/data/1838028/000000000024000281/filename1.pdf
2024-01-08,HODL,VanEck Bitcoin ETF,0001838028,CORRESP,,0000930413-24-000043,https://www.sec.gov/Archives/edgar/data/1838028/000093041324000043/filename1.htm
2024-01-08,HODL,VanEck Bitcoin ETF,0001838028,S-1/A,,0000930413-24-000044,https://www.sec.gov/Archives/edgar/data/1838028/000093041324000044/c106800_s1a.htm
2024-01-08,IBIT,iShares Bitcoin Trust ETF,0001980994,UPLOAD,,0000000000-24-000277,https://www.sec.gov/Archives/edgar/data/1980994/000000000024000277/filename1.pdf
2024-01-08,IBIT,iShares Bitcoin Trust ETF,0001980994,S-1/A,,0001437749-24-000785,https://www.sec.gov/Archives/edgar/data/1980994/000143774924000785/bit20240106_s1a.htm
2024-01-08,IBIT,iShares Bitcoin Trust ETF,0001980994,CORRESP,,0001437749-24-000788,https://www.sec.gov/Archives/edgar/data/1980994/000143774924000788/filename1.htm
2024-01-08,IBIT,iShares Bitcoin Trust ETF,0001980994,8-A12B,,0001437749-24-000853,https://www.sec.gov/Archives/edgar/data/1980994/000143774924000853/bit20240108_8a12b.htm
2024-01-09,ARKB,Ark 21Shares Bitcoin ETF,0001869699,S-1/A,,0001193125-24-004878,https://www.sec.gov/Archives/edgar/data/1869699/000119312524004878/d549524ds1a.htm
2024-01-09,ARKB,Ark 21Shares Bitcoin ETF,0001869699,CORRESP,,0001193125-24-004892,https://www.sec.gov/Archives/edgar/data/1869699/000119312524004892/filename1.htm
2024-01-09,ARKB,Ark 21Shares Bitcoin ETF,0001869699,CORRESP,,0001193125-24-004944,https://www.sec.gov/Archives/edgar/data/1869699/000119312524004944/filename1.htm
2024-01-09,ARKB,Ark 21Shares Bitcoin ETF,0001869699,CORRESP,,0001193125-24-005413,https://www.sec.gov/Archives/edgar/data/1869699/000119312524005413/filename1.htm
2024-01-09,BITB,Bitwise Bitcoin ETF,0001763415,S-1/A,,0001999371-24-000248,https://www.sec.gov/Archives/edgar/data/1763415/000199937124000248/bitcoin-s1a_010924.htm
2024-01-09,BITB,Bitwise Bitcoin ETF,0001763415,CORRESP,,0001999371-24-000250,https://www.sec.gov/Archives/edgar/data/1763415/000199937124000250/filename1.htm
2024-01-09,BITB,Bitwise Bitcoin ETF,0001763415,CORRESP,,0001999371-24-000265,https://www.sec.gov/Archives/edgar/data/1763415/000199937124000265/filename1.htm
2024-01-09,BRRR,CoinShares Bitcoin ETF,0001841175,S-1/A,,0001999371-24-000244,https://www.sec.gov/Archives/edgar/data/1841175/000199937124000244/bitcoin-s1a_010924.htm
2024-01-09,BRRR,CoinShares Bitcoin ETF,0001841175,CORRESP,,0001999371-24-000245,https://www.sec.gov/Archives/edgar/data/1841175/000199937124000245/filename1.htm
2024-01-09,BRRR,CoinShares Bitcoin ETF,0001841175,S-1/A,,0001999371-24-000272,https://www.sec.gov/Archives/edgar/data/1841175/000199937124000272/bitcoin-s1a_010924.htm
2024-01-09,BRRR,CoinShares Bitcoin ETF,0001841175,CORRESP,,0001999371-24-000277,https://www.sec.gov/Archives/edgar/data/1841175/000199937124000277/filename1.htm
2024-01-09,BTCO,Invesco Galaxy Bitcoin ETF,0001855781,S-1/A,,0001193125-24-004916,https://www.sec.gov/Archives/edgar/data/1855781/000119312524004916/d507893ds1a.htm
2024-01-09,BTCO,Invesco Galaxy Bitcoin ETF,0001855781,CORRESP,,0001193125-24-004918,https://www.sec.gov/Archives/edgar/data/1855781/000119312524004918/filename1.htm
2024-01-09,BTCO,Invesco Galaxy Bitcoin ETF,0001855781,CORRESP,,0001193125-24-005176,https://www.sec.gov/Archives/edgar/data/1855781/000119312524005176/filename1.htm
2024-01-09,BTCW,WisdomTree Bitcoin Fund,0001850391,S-1/A,,0001214659-24-000453,https://www.sec.gov/Archives/edgar/data/1850391/000121465924000453/wtb17241s1a7.htm
2024-01-09,BTCW,WisdomTree Bitcoin Fund,0001850391,CORRESP,,0001214659-24-000454,https://www.sec.gov/Archives/edgar/data/1850391/000121465924000454/filename1.htm
2024-01-09,BTCW,WisdomTree Bitcoin Fund,0001850391,CORRESP,,0001214659-24-000455,https://www.sec.gov/Archives/edgar/data/1850391/000121465924000455/filename1.htm
2024-01-09,EZBC,Franklin Templeton Digital Holdings Trust,0001992870,S-1/A,,0001137439-24-000058,https://www.sec.gov/Archives/edgar/data/1992870/000113743924000058/ftdhts1a01082024.htm
2024-01-09,EZBC,Franklin Templeton Digital Holdings Trust,0001992870,CORRESP,,0001137439-24-000060,https://www.sec.gov/Archives/edgar/data/1992870/000113743924000060/filename1.htm
2024-01-09,EZBC,Franklin Templeton Digital Holdings Trust,0001992870,CORRESP,,0001137439-24-000113,https://www.sec.gov/Archives/edgar/data/1992870/000113743924000113/filename1.htm
2024-01-09,FBTC,Fidelity Wise Origin Bitcoin Fund,0001852317,S-1/A,,0001193125-24-004940,https://www.sec.gov/Archives/edgar/data/1852317/000119312524004940/d375081ds1a.htm
2024-01-09,FBTC,Fidelity Wise Origin Bitcoin Fund,0001852317,CORRESP,,0001193125-24-004946,https://www.sec.gov/Archives/edgar/data/1852317/000119312524004946/filename1.htm
2024-01-09,FBTC,Fidelity Wise Origin Bitcoin Fund,0001852317,S-1/A,,0001193125-24-005213,https://www.sec.gov/Archives/edgar/data/1852317/000119312524005213/d375081ds1a.htm
2024-01-09,FBTC,Fidelity Wise Origin Bitcoin Fund,0001852317,CORRESP,,0001193125-24-005302,https://www.sec.gov/Archives/edgar/data/1852317/000119312524005302/filename1.htm
2024-01-09,GBTC,Grayscale Bitcoin Trust ETF,0001588489,FWP,,0000950170-24-003043,https://www.sec.gov/Archives/edgar/data/1588489/000095017024003043/qa_legal_gbtc_social_1.0.htm
2024-01-09,GBTC,Grayscale Bitcoin Trust ETF,0001588489,8-K,2024-01-07,0000950170-24-003401,https://www.sec.gov/Archives/edgar/data/1588489/000095017024003401/gbtc-20240107.htm
2024-01-09,GBTC,Grayscale Bitcoin Trust ETF,0001588489,S-3/A,,0001193125-24-004895,https://www.sec.gov/Archives/edgar/data/1588489/000119312524004895/d264170ds3a.htm
2024-01-09,GBTC,Grayscale Bitcoin Trust ETF,0001588489,CORRESP,,0001193125-24-004900,https://www.sec.gov/Archives/edgar/data/1588489/000119312524004900/filename1.htm
2024-01-09,HODL,VanEck Bitcoin ETF,0001838028,S-1/A,,0000930413-24-000056,https://www.sec.gov/Archives/edgar/data/1838028/000093041324000056/c106800_s1a.htm
2024-01-09,HODL,VanEck Bitcoin ETF,0001838028,CORRESP,,0000930413-24-000058,https://www.sec.gov/Archives/edgar/data/1838028/000093041324000058/filename1.htm
2024-01-09,HODL,VanEck Bitcoin ETF,0001838028,CORRESP,,0000930413-24-000061,https://www.sec.gov/Archives/edgar/data/1838028/000093041324000061/filename1.htm
2024-01-09,IBIT,iShares Bitcoin Trust ETF,0001980994,S-1/A,,0001437749-24-000917,https://www.sec.gov/Archives/edgar/data/1980994/000143774924000917/bit20240108_s1a.htm
2024-01-09,IBIT,iShares Bitcoin Trust ETF,0001980994,CORRESP,,0001437749-24-000919,https://www.sec.gov/Archives/edgar/data/1980994/000143774924000919/filename1.htm
2024-01-09,IBIT,iShares Bitcoin Trust ETF,0001980994,CORRESP,,0001437749-24-000954,https://www.sec.gov/Archives/edgar/data/1980994/000143774924000954/filename1.htm
2024-01-09,IBIT,iShares Bitcoin Trust ETF,0001980994,CORRESP,,0001437749-24-001046,https://www.sec.gov/Archives/edgar/data/1980994/000143774924001046/filename1.htm
2024-01-10,ARKB,Ark 21Shares Bitcoin ETF,0001869699,S-1/A,,0001193125-24-005412,https://www.sec.gov/Archives/edgar/data/1869699/000119312524005412/d549524ds1a.htm
2024-01-10,ARKB,Ark 21Shares Bitcoin ETF,0001869699,424B3,,0001193125-24-006022,https://www.sec.gov/Archives/edgar/data/1869699/000119312524006022/d549524d424b3.htm
2024-01-10,ARKB,Ark 21Shares Bitcoin ETF,0001869699,CERT,,0001417835-24-000003,https://www.sec.gov/Archives/edgar/data/1869699/000141783524000003/8A_Cert_ARKB.pdf
2024-01-10,ARKB,Ark 21Shares Bitcoin ETF,0001869699,CERT,,0001417835-24-000010,https://www.sec.gov/Archives/edgar/data/1869699/000141783524000010/8A_Cert_ARKB.pdf
2024-01-10,ARKB,Ark 21Shares Bitcoin ETF,0001869699,EFFECT,,9999999995-24-000078,https://www.sec.gov/Archives/edgar/data/1869699/999999999524000078/xslEFFECTX01/primary_doc.xml
2024-01-10,BITB,Bitwise Bitcoin ETF,0001763415,CERT,,0001143362-24-000015,https://www.sec.gov/Archives/edgar/data/1763415/000114336224000015/BITB011024.pdf
2024-01-10,BITB,Bitwise Bitcoin ETF,0001763415,POS EX,,0001999371-24-000344,https://www.sec.gov/Archives/edgar/data/1763415/000199937124000344/bitcoin-posex_011024.htm
2024-01-10,BITB,Bitwise Bitcoin ETF,0001763415,424B3,,0001999371-24-000346,https://www.sec.gov/Archives/edgar/data/1763415/000199937124000346/bitcoin-424b3_011024.htm
2024-01-10,BITB,Bitwise Bitcoin ETF,0001763415,EFFECT,,9999999995-24-000079,https://www.sec.gov/Archives/edgar/data/1763415/999999999524000079/xslEFFECTX01/primary_doc.xml
2024-01-10,BRRR,CoinShares Bitcoin ETF,0001841175,CERT,,0001354457-24-000014,https://www.sec.gov/Archives/edgar/data/1841175/000135445724000014/BRRR_8-A_Cert.pdf
2024-01-10,BRRR,CoinShares Bitcoin ETF,0001841175,CORRESP,,0001999371-24-000294,https://www.sec.gov/Archives/edgar/data/1841175/000199937124000294/filename1.htm
2024-01-10,BRRR,CoinShares Bitcoin ETF,0001841175,EFFECT,,9999999995-24-000074,https://www.sec.gov/Archives/edgar/data/1841175/999999999524000074/xslEFFECTX01/primary_doc.xml
2024-01-10,BTCO,Invesco Galaxy Bitcoin ETF,0001855781,CERT,,0001417835-24-000004,https://www.sec.gov/Archives/edgar/data/1855781/000141783524000004/8A_Cert_BTCO.pdf
2024-01-10,BTCO,Invesco Galaxy Bitcoin ETF,0001855781,CERT,,0001417835-24-000011,https://www.sec.gov/Archives/edgar/data/1855781/000141783524000011/8A_Cert_BTCO.pdf
2024-01-10,BTCO,Invesco Galaxy Bitcoin ETF,0001855781,EFFECT,,9999999995-24-000077,https://www.sec.gov/Archives/edgar/data/1855781/999999999524000077/xslEFFECTX01/primary_doc.xml
2024-01-10,BTCW,WisdomTree Bitcoin Fund,0001850391,424B3,,0001214659-24-000583,https://www.sec.gov/Archives/edgar/data/1850391/000121465924000583/g19243424b3.htm
2024-01-10,BTCW,WisdomTree Bitcoin Fund,0001850391,FWP,,0001214659-24-000586,https://www.sec.gov/Archives/edgar/data/1850391/000121465924000586/g110240fwp.htm
2024-01-10,BTCW,WisdomTree Bitcoin Fund,0001850391,CERT,,0001417835-24-000009,https://www.sec.gov/Archives/edgar/data/1850391/000141783524000009/8A_Cert_BTCW.pdf
2024-01-10,BTCW,WisdomTree Bitcoin Fund,0001850391,CERT,,0001417835-24-000015,https://www.sec.gov/Archives/edgar/data/1850391/000141783524000015/8A_Cert_BTCW.pdf
2024-01-10,BTCW,WisdomTree Bitcoin Fund,0001850391,EFFECT,,9999999995-24-000075,https://www.sec.gov/Archives/edgar/data/1850391/999999999524000075/xslEFFECTX01/primary_doc.xml
2024-01-10,EZBC,Franklin Templeton Digital Holdings Trust,0001992870,424B3,,0001137439-24-000145,https://www.sec.gov/Archives/edgar/data/1992870/000113743924000145/ftdht424b3012024.htm
2024-01-10,EZBC,Franklin Templeton Digital Holdings Trust,0001992870,CERT,,0001417835-24-000007,https://www.sec.gov/Archives/edgar/data/1992870/000141783524000007/8A_Cert_EZBC.pdf
2024-01-10,EZBC,Franklin Templeton Digital Holdings Trust,0001992870,CERT,,0001417835-24-000014,https://www.sec.gov/Archives/edgar/data/1992870/000141783524000014/8A_Cert_EZBC.pdf
2024-01-10,EZBC,Franklin Templeton Digital Holdings Trust,0001992870,EFFECT,,9999999995-24-000082,https://www.sec.gov/Archives/edgar/data/1992870/999999999524000082/xslEFFECTX01/primary_doc.xml
2024-01-10,FBTC,Fidelity Wise Origin Bitcoin Fund,0001852317,CORRESP,,0001193125-24-005768,https://www.sec.gov/Archives/edgar/data/1852317/000119312524005768/filename1.htm
2024-01-10,FBTC,Fidelity Wise Origin Bitcoin Fund,0001852317,CERT,,0001417835-24-000006,https://www.sec.gov/Archives/edgar/data/1852317/000141783524000006/8A_Cert_FBTC.pdf
2024-01-10,FBTC,Fidelity Wise Origin Bitcoin Fund,0001852317,CERT,,0001417835-24-000013,https://www.sec.gov/Archives/edgar/data/1852317/000141783524000013/8A_Cert_FBTC.pdf
2024-01-10,FBTC,Fidelity Wise Origin Bitcoin Fund,0001852317,EFFECT,,9999999995-24-000076,https://www.sec.gov/Archives/edgar/data/1852317/999999999524000076/xslEFFECTX01/primary_doc.xml
2024-01-10,GBTC,Grayscale Bitcoin Trust ETF,0001588489,FWP,,0000950170-24-003683,https://www.sec.gov/Archives/edgar/data/1588489/000095017024003683/ms_matter_of_if_gbtc_1.1.htm
2024-01-10,GBTC,Grayscale Bitcoin Trust ETF,0001588489,CERT,,0001143362-24-000014,https://www.sec.gov/Archives/edgar/data/1588489/000114336224000014/GBTC011024.pdf
2024-01-10,GBTC,Grayscale Bitcoin Trust ETF,0001588489,EFFECT,,9999999995-24-000083,https://www.sec.gov/Archives/edgar/data/1588489/999999999524000083/xslEFFECTX01/primary_doc.xml
2024-01-10,HODL,VanEck Bitcoin ETF,0001838028,424B3,,0000930413-24-000073,https://www.sec.gov/Archives/edgar/data/1838028/000093041324000073/c106800_424b3.htm
2024-01-10,HODL,VanEck Bitcoin ETF,0001838028,CERT,,0001417835-24-000005,https://www.sec.gov/Archives/edgar/data/1838028/000141783524000005/8A_Cert_HODL.pdf
2024-01-10,HODL,VanEck Bitcoin ETF,0001838028,CERT,,0001417835-24-000012,https://www.sec.gov/Archives/edgar/data/1838028/000141783524000012/8A_Cert_HODL.pdf
2024-01-10,HODL,VanEck Bitcoin ETF,0001838028,FWP,,0001628280-24-001050,https://www.sec.gov/Archives/edgar/data/1838028/000162828024001050/hodlvaneckbitcointrustwe.htm
2024-01-10,HODL,VanEck Bitcoin ETF,0001838028,FWP,,0001628280-24-001053,https://www.sec.gov/Archives/edgar/data/1838028/000162828024001053/hodlfundprofilefwp011020.htm
2024-01-10,HODL,VanEck Bitcoin ETF,0001838028,FWP,,0001628280-24-001054,https://www.sec.gov/Archives/edgar/data/1838028/000162828024001054/hodlvaneckbitcointrustfa.htm
2024-01-10,HODL,VanEck Bitcoin ETF,0001838028,FWP,,0001628280-24-001055,https://www.sec.gov/Archives/edgar/data/1838028/000162828024001055/hodlslideradvertisementv.htm
2024-01-10,HODL,VanEck Bitcoin ETF,0001838028,FWP,,0001628280-24-001056,https://www.sec.gov/Archives/edgar/data/1838028/000162828024001056/hodlvaneckbitcointrustbl.htm
2024-01-10,HODL,VanEck Bitcoin ETF,0001838028,EFFECT,,9999999995-24-000073,https://www.sec.gov/Archives/edgar/data/1838028/999999999524000073/xslEFFECTX01/primary_doc.xml
2024-01-10,IBIT,iShares Bitcoin Trust ETF,0001980994,CERT,,0001354457-24-000013,https://www.sec.gov/Archives/edgar/data/1980994/000135445724000013/IBIT_8-A_Cert.pdf
2024-01-10,IBIT,iShares Bitcoin Trust ETF,0001980994,S-1/A,,0001437749-24-001043,https://www.sec.gov/Archives/edgar/data/1980994/000143774924001043/bit20240109_s1a.htm
2024-01-10,IBIT,iShares Bitcoin Trust ETF,0001980994,424B3,,0001437749-24-001125,https://www.sec.gov/Archives/edgar/data/1980994/000143774924001125/bit20240109_424b3.htm
2024-01-10,IBIT,iShares Bitcoin Trust ETF,0001980994,EFFECT,,9999999995-24-000080,https://www.sec.gov/Archives/edgar/data/1980994/999999999524000080/xslEFFECTX01/primary_doc.xml
2024-01-11,ARKB,Ark 21Shares Bitcoin ETF,0001869699,CERT,,0001417835-24-000016,https://www.sec.gov/Archives/edgar/data/1869699/000141783524000016/8A_Cert_ARKB.pdf
2024-01-11,BRRR,CoinShares Bitcoin ETF,0001841175,424B3,,0001999371-24-000352,https://www.sec.gov/Archives/edgar/data/1841175/000199937124000352/bitcoin-424b3_011024.htm
2024-01-11,BTCO,Invesco Galaxy Bitcoin ETF,0001855781,424B3,,0001193125-24-006062,https://www.sec.gov/Archives/edgar/data/1855781/000119312524006062/d507893d424b3.htm
2024-01-11,BTCO,Invesco Galaxy Bitcoin ETF,0001855781,CERT,,0001417835-24-000017,https://www.sec.gov/Archives/edgar/data/1855781/000141783524000017/8A_Cert_BTCO.pdf
2024-01-11,BTCW,WisdomTree Bitcoin Fund,0001850391,FWP,,0001214659-24-000617,https://www.sec.gov/Archives/edgar/data/1850391/000121465924000617/e111240fwp.htm
2024-01-11,BTCW,WisdomTree Bitcoin Fund,0001850391,FWP,,0001214659-24-000618,https://www.sec.gov/Archives/edgar/data/1850391/000121465924000618/o111242fwp.htm
2024-01-11,BTCW,WisdomTree Bitcoin Fund,0001850391,FWP,,0001214659-24-000620,https://www.sec.gov/Archives/edgar/data/1850391/000121465924000620/g111242fwp.htm
2024-01-11,BTCW,WisdomTree Bitcoin Fund,0001850391,FWP,,0001214659-24-000621,https://www.sec.gov/Archives/edgar/data/1850391/000121465924000621/j111241fwp.htm
2024-01-11,BTCW,WisdomTree Bitcoin Fund,0001850391,FWP,,0001214659-24-000622,https://www.sec.gov/Archives/edgar/data/1850391/000121465924000622/b111240fwp.htm
2024-01-11,BTCW,WisdomTree Bitcoin Fund,0001850391,FWP,,0001214659-24-000631,https://www.sec.gov/Archives/edgar/data/1850391/000121465924000631/e111241fwp.htm
2024-01-11,BTCW,WisdomTree Bitcoin Fund,0001850391,FWP,,0001214659-24-000645,https://www.sec.gov/Archives/edgar/data/1850391/000121465924000645/o111245fwp.htm
2024-01-11,BTCW,WisdomTree Bitcoin Fund,0001850391,FWP,,0001214659-24-000646,https://www.sec.gov/Archives/edgar/data/1850391/000121465924000646/b111245fwp.htm
2024-01-11,BTCW,WisdomTree Bitcoin Fund,0001850391,FWP,,0001214659-24-000650,https://www.sec.gov/Archives/edgar/data/1850391/000121465924000650/g111244fwp.htm
2024-01-11,BTCW,WisdomTree Bitcoin Fund,0001850391,FWP,,0001214659-24-000651,https://www.sec.gov/Archives/edgar/data/1850391/000121465924000651/z111243fwp.htm
2024-01-11,BTCW,WisdomTree Bitcoin Fund,0001850391,CERT,,0001417835-24-000021,https://www.sec.gov/Archives/edgar/data/1850391/000141783524000021/8A_Cert_BTCW.pdf
2024-01-11,EZBC,Franklin Templeton Digital Holdings Trust,0001992870,FWP,,0001137439-24-000168,https://www.sec.gov/Archives/edgar/data/1992870/000113743924000168/ftdhtfwp1.htm
2024-01-11,EZBC,Franklin Templeton Digital Holdings Trust,0001992870,FWP,,0001137439-24-000170,https://www.sec.gov/Archives/edgar/data/1992870/000113743924000170/ftdhtfwp2.htm
2024-01-11,EZBC,Franklin Templeton Digital Holdings Trust,0001992870,FWP,,0001137439-24-000172,https://www.sec.gov/Archives/edgar/data/1992870/000113743924000172/ftdhtfwp3.htm
2024-01-11,EZBC,Franklin Templeton Digital Holdings Trust,0001992870,FWP,,0001137439-24-000174,https://www.sec.gov/Archives/edgar/data/1992870/000113743924000174/ftdhtfwp4.htm
2024-01-11,EZBC,Franklin Templeton Digital Holdings Trust,0001992870,FWP,,0001137439-24-000176,https://www.sec.gov/Archives/edgar/data/1992870/000113743924000176/ftdhtfwp5.htm
2024-01-11,EZBC,Franklin Templeton Digital Holdings Trust,0001992870,FWP,,0001137439-24-000178,https://www.sec.gov/Archives/edgar/data/1992870/000113743924000178/ftdhtfwp6.htm
2024-01-11,EZBC,Franklin Templeton Digital Holdings Trust,0001992870,FWP,,0001137439-24-000184,https://www.sec.gov/Archives/edgar/data/1992870/000113743924000184/ftdhtfwp7.htm
2024-01-11,EZBC,Franklin Templeton Digital Holdings Trust,0001992870,FWP,,0001137439-24-000186,https://www.sec.gov/Archives/edgar/data/1992870/000113743924000186/ftdhtfwp8.htm
2024-01-11,EZBC,Franklin Templeton Digital Holdings Trust,0001992870,FWP,,0001137439-24-000188,https://www.sec.gov/Archives/edgar/data/1992870/000113743924000188/ftdhtfwp9.htm
2024-01-11,EZBC,Franklin Templeton Digital Holdings Trust,0001992870,FWP,,0001137439-24-000190,https://www.sec.gov/Archives/edgar/data/1992870/000113743924000190/ftdhtfwp10.htm
2024-01-11,EZBC,Franklin Templeton Digital Holdings Trust,0001992870,CERT,,0001417835-24-000020,https://www.sec.gov/Archives/edgar/data/1992870/000141783524000020/8A_Cert_EZBC.pdf
2024-01-11,FBTC,Fidelity Wise Origin Bitcoin Fund,0001852317,424B3,,0001193125-24-006077,https://www.sec.gov/Archives/edgar/data/1852317/000119312524006077/d375081d424b3.htm
2024-01-11,FBTC,Fidelity Wise Origin Bitcoin Fund,0001852317,CERT,,0001417835-24-000019,https://www.sec.gov/Archives/edgar/data/1852317/000141783524000019/8A_Cert_FBTC.pdf
2024-01-11,GBTC,Grayscale Bitcoin Trust ETF,0001588489,FWP,,0000950170-24-003686,https://www.sec.gov/Archives/edgar/data/1588489/000095017024003686/gbtc_uplisting_email.htm
2024-01-11,GBTC,Grayscale Bitcoin Trust ETF,0001588489,FWP,,0000950170-24-003719,https://www.sec.gov/Archives/edgar/data/1588489/000095017024003719/gbtc_uplist_pr.htm
2024-01-11,GBTC,Grayscale Bitcoin Trust ETF,0001588489,FWP,,0000950170-24-003727,https://www.sec.gov/Archives/edgar/data/1588489/000095017024003727/19b4__s3_gbtc_social_1.1.htm
2024-01-11,GBTC,Grayscale Bitcoin Trust ETF,0001588489,FWP,,0000950170-24-003751,https://www.sec.gov/Archives/edgar/data/1588489/000095017024003751/timeline_gbtc_social_1.1.htm
2024-01-11,GBTC,Grayscale Bitcoin Trust ETF,0001588489,FWP,,0000950170-24-003776,https://www.sec.gov/Archives/edgar/data/1588489/000095017024003776/craig_salm_gbtc_tweet_1.htm
2024-01-11,GBTC,Grayscale Bitcoin Trust ETF,0001588489,FWP,,0000950170-24-003826,https://www.sec.gov/Archives/edgar/data/1588489/000095017024003826/michael_on_cnbc_squawk_b.htm
2024-01-11,GBTC,Grayscale Bitcoin Trust ETF,0001588489,FWP,,0000950170-24-003829,https://www.sec.gov/Archives/edgar/data/1588489/000095017024003829/michael_on_yahoo_1.11.24.htm
2024-01-11,GBTC,Grayscale Bitcoin Trust ETF,0001588489,FWP,,0000950170-24-003849,https://www.sec.gov/Archives/edgar/data/1588489/000095017024003849/grayscale_all_etfs_webpa.htm
2024-01-11,GBTC,Grayscale Bitcoin Trust ETF,0001588489,FWP,,0000950170-24-003852,https://www.sec.gov/Archives/edgar/data/1588489/000095017024003852/fact_sheet_fwp.htm
2024-01-11,GBTC,Grayscale Bitcoin Trust ETF,0001588489,FWP,,0000950170-24-003881,https://www.sec.gov/Archives/edgar/data/1588489/000095017024003881/gbtc_etf_display_2.htm
2024-01-11,GBTC,Grayscale Bitcoin Trust ETF,0001588489,FWP,,0000950170-24-003882,https://www.sec.gov/Archives/edgar/data/1588489/000095017024003882/gbtc_etf_-_3d_keyboard_t.htm
2024-01-11,GBTC,Grayscale Bitcoin Trust ETF,0001588489,FWP,,0000950170-24-003891,https://www.sec.gov/Archives/edgar/data/1588489/000095017024003891/gbtc_etf_ooh_fwp_1.htm
2024-01-11,GBTC,Grayscale Bitcoin Trust ETF,0001588489,FWP,,0000950170-24-003971,https://www.sec.gov/Archives/edgar/data/1588489/000095017024003971/gbtc_etf_ooh_fwp_11.htm
2024-01-11,GBTC,Grayscale Bitcoin Trust ETF,0001588489,FWP,,0000950170-24-003992,https://www.sec.gov/Archives/edgar/data/1588489/000095017024003992/gbtc_first_day_tweet_1.1.htm
2024-01-11,GBTC,Grayscale Bitcoin Trust ETF,0001588489,FWP,,0000950170-24-004000,https://www.sec.gov/Archives/edgar/data/1588489/000095017024004000/gbtc_fwp_3.htm
2024-01-11,GBTC,Grayscale Bitcoin Trust ETF,0001588489,FWP,,0000950170-24-004002,https://www.sec.gov/Archives/edgar/data/1588489/000095017024004002/gbtc_etf_fwp_2.htm
2024-01-11,GBTC,Grayscale Bitcoin Trust ETF,0001588489,FWP,,0000950170-24-004003,https://www.sec.gov/Archives/edgar/data/1588489/000095017024004003/why_gbtc_-_video.htm
2024-01-11,GBTC,Grayscale Bitcoin Trust ETF,0001588489,424B3,,0001193125-24-006300,https://www.sec.gov/Archives/edgar/data/1588489/000119312524006300/d264170d424b3.htm
2024-01-11,HODL,VanEck Bitcoin ETF,0001838028,CERT,,0001417835-24-000018,https://www.sec.gov/Archives/edgar/data/1838028/000141783524000018/8A_Cert_HODL.pdf
2024-01-11,HODL,VanEck Bitcoin ETF,0001838028,FWP,,0001628280-24-001062,https://www.sec.gov/Archives/edgar/data/1838028/000162828024001062/hodlvaneckbitcointrustwe.htm
2024-01-11,HODL,VanEck Bitcoin ETF,0001838028,FWP,,0001628280-24-001064,https://www.sec.gov/Archives/edgar/data/1838028/000162828024001064/hodlfundlaunchpressrelea.htm
2024-01-11,HODL,VanEck Bitcoin ETF,0001838028,FWP,,0001628280-24-001065,https://www.sec.gov/Archives/edgar/data/1838028/000162828024001065/hodllaunchdayemlfwp01112.htm
2024-01-11,HODL,VanEck Bitcoin ETF,0001838028,FWP,,0001628280-24-001066,https://www.sec.gov/Archives/edgar/data/1838028/000162828024001066/hodlborntobitcointvcomme.htm
2024-01-11,HODL,VanEck Bitcoin ETF,0001838028,FWP,,0001628280-24-001070,https://www.sec.gov/Archives/edgar/data/1838028/000162828024001070/hodlborntobitcoinsocialp.htm
2024-01-11,HODL,VanEck Bitcoin ETF,0001838028,FWP,,0001628280-24-001071,https://www.sec.gov/Archives/edgar/data/1838028/000162828024001071/hodlmamasocialvideoadfwp.htm
2024-01-11,HODL,VanEck Bitcoin ETF,0001838028,FWP,,0001628280-24-001072,https://www.sec.gov/Archives/edgar/data/1838028/000162828024001072/hodllaunchdisplayadverti.htm
2024-01-11,HODL,VanEck Bitcoin ETF,0001838028,FWP,,0001628280-24-001073,https://www.sec.gov/Archives/edgar/data/1838028/000162828024001073/hodlbrinkannouncementsoc.htm
2024-01-11,HODL,VanEck Bitcoin ETF,0001838028,FWP,,0001628280-24-001126,https://www.sec.gov/Archives/edgar/data/1838028/000162828024001126/howtoexplaincryptotoclie.htm
2024-01-12,BTCW,WisdomTree Bitcoin Fund,0001850391,FWP,,0001214659-24-000656,https://www.sec.gov/Archives/edgar/data/1850391/000121465924000656/z111245fwp.htm
2024-01-12,EZBC,Franklin Templeton Digital Holdings Trust,0001992870,FWP,,0001137439-24-000210,https://www.sec.gov/Archives/edgar/data/1992870/000113743924000210/ftdhtfwp1.htm
2024-01-12,EZBC,Franklin Templeton Digital Holdings Trust,0001992870,FWP,,0001137439-24-000212,https://www.sec.gov/Archives/edgar/data/1992870/000113743924000212/ftdhtfwp19.htm
2024-01-12,EZBC,Franklin Templeton Digital Holdings Trust,0001992870,FWP,,0001137439-24-000214,https://www.sec.gov/Archives/edgar/data/1992870/000113743924000214/ftdhtfwp20.htm
2024-01-12,EZBC,Franklin Templeton Digital Holdings Trust,0001992870,FWP,,0001137439-24-000216,https://www.sec.gov/Archives/edgar/data/1992870/000113743924000216/ftdhtfwp21.htm
2024-01-12,EZBC,Franklin Templeton Digital Holdings Trust,0001992870,FWP,,0001137439-24-000218,https://www.sec.gov/Archives/edgar/data/1992870/000113743924000218/ftdhtfwp22.htm
2024-01-12,EZBC,Franklin Templeton Digital Holdings Trust,0001992870,FWP,,0001137439-24-000221,https://www.sec.gov/Archives/edgar/data/1992870/000113743924000221/ftdhtfw11.htm
2024-01-12,EZBC,Franklin Templeton Digital Holdings Trust,0001992870,FWP,,0001137439-24-000223,https://www.sec.gov/Archives/edgar/data/1992870/000113743924000223/ftdhtfwp12.htm
2024-01-12,EZBC,Franklin Templeton Digital Holdings Trust,0001992870,FWP,,0001137439-24-000225,https://www.sec.gov/Archives/edgar/data/1992870/000113743924000225/ftdhtfwp1.htm
2024-01-12,EZBC,Franklin Templeton Digital Holdings Trust,0001992870,FWP,,0001137439-24-000227,https://www.sec.gov/Archives/edgar/data/1992870/000113743924000227/ftdhtfwp15.htm
2024-01-12,EZBC,Franklin Templeton Digital Holdings Trust,0001992870,FWP,,0001137439-24-000229,https://www.sec.gov/Archives/edgar/data/1992870/000113743924000229/ftdhtfwp16.htm
2024-01-12,EZBC,Franklin Templeton Digital Holdings Trust,0001992870,FWP,,0001137439-24-000231,https://www.sec.gov/Archives/edgar/data/1992870/000113743924000231/ftdhtfwp17.htm
2024-01-12,EZBC,Franklin Templeton Digital Holdings Trust,0001992870,8-K,2024-01-11,0001137439-24-000233,https://www.sec.gov/Archives/edgar/data/1992870/000113743924000233/ftdht8k012024.htm
2024-01-12,EZBC,Franklin Templeton Digital Holdings Trust,0001992870,424B3,,0001137439-24-000235,https://www.sec.gov/Archives/edgar/data/1992870/000113743924000235/ftdht424b3012024.htm
2024-01-12,EZBC,Franklin Templeton Digital Holdings Trust,0001992870,FWP,,0001137439-24-000237,https://www.sec.gov/Archives/edgar/data/1992870/000113743924000237/ftdhtfwp23.htm
2024-01-12,EZBC,Franklin Templeton Digital Holdings Trust,0001992870,FWP,,0001137439-24-000241,https://www.sec.gov/Archives/edgar/data/1992870/000113743924000241/ftdht16fwp011224.htm
2024-01-12,EZBC,Franklin Templeton Digital Holdings Trust,0001992870,FWP,,0001137439-24-000243,https://www.sec.gov/Archives/edgar/data/1992870/000113743924000243/ftdht16fwp011224.htm
2024-01-12,EZBC,Franklin Templeton Digital Holdings Trust,0001992870,FWP,,0001137439-24-000245,https://www.sec.gov/Archives/edgar/data/1992870/000113743924000245/ftdht16fwp011224.htm
2024-01-12,GBTC,Grayscale Bitcoin Trust ETF,0001588489,FWP,,0000950170-24-004010,https://www.sec.gov/Archives/edgar/data/1588489/000095017024004010/firm_overview_fwp.htm
2024-01-12,GBTC,Grayscale Bitcoin Trust ETF,0001588489,FWP,,0000950170-24-004023,https://www.sec.gov/Archives/edgar/data/1588489/000095017024004023/grayscale_documents_page.htm
2024-01-12,GBTC,Grayscale Bitcoin Trust ETF,0001588489,FWP,,0000950170-24-004030,https://www.sec.gov/Archives/edgar/data/1588489/000095017024004030/grayscale.com_homepage.htm
2024-01-12,GBTC,Grayscale Bitcoin Trust ETF,0001588489,FWP,,0000950170-24-004048,https://www.sec.gov/Archives/edgar/data/1588489/000095017024004048/craig_on_cheddar_gbtc_1.htm
2024-01-12,GBTC,Grayscale Bitcoin Trust ETF,0001588489,FWP,,0000950170-24-004049,https://www.sec.gov/Archives/edgar/data/1588489/000095017024004049/dave_on_cnbc_1.11.24.htm
2024-01-12,GBTC,Grayscale Bitcoin Trust ETF,0001588489,FWP,,0000950170-24-004050,https://www.sec.gov/Archives/edgar/data/1588489/000095017024004050/michael_on_nyse_1.11.24.htm
2024-01-12,GBTC,Grayscale Bitcoin Trust ETF,0001588489,FWP,,0000950170-24-004051,https://www.sec.gov/Archives/edgar/data/1588489/000095017024004051/craig_on_coindesk_1.11.2.htm
2024-01-12,GBTC,Grayscale Bitcoin Trust ETF,0001588489,FWP,,0000950170-24-004052,https://www.sec.gov/Archives/edgar/data/1588489/000095017024004052/michael_on_foxb_1.11.24.htm
2024-01-12,GBTC,Grayscale Bitcoin Trust ETF,0001588489,FWP,,0000950170-24-004053,https://www.sec.gov/Archives/edgar/data/1588489/000095017024004053/michael_on_schwab_gbtc_1.htm
2024-01-12,GBTC,Grayscale Bitcoin Trust ETF,0001588489,FWP,,0000950170-24-004054,https://www.sec.gov/Archives/edgar/data/1588489/000095017024004054/michael_on_bloomberg_1.1.htm
2024-01-12,GBTC,Grayscale Bitcoin Trust ETF,0001588489,FWP,,0000950170-24-004055,https://www.sec.gov/Archives/edgar/data/1588489/000095017024004055/craig_on_coinage_1.11.24.htm
2024-01-12,GBTC,Grayscale Bitcoin Trust ETF,0001588489,FWP,,0000950170-24-004081,https://www.sec.gov/Archives/edgar/data/1588489/000095017024004081/history_of_gbtc_-_video.htm
2024-01-12,GBTC,Grayscale Bitcoin Trust ETF,0001588489,FWP,,0000950170-24-004089,https://www.sec.gov/Archives/edgar/data/1588489/000095017024004089/bitcoin_etf_101_-_video.htm
2024-01-12,GBTC,Grayscale Bitcoin Trust ETF,0001588489,FWP,,0000950170-24-004090,https://www.sec.gov/Archives/edgar/data/1588489/000095017024004090/gbtc_web_page.htm
2024-01-12,GBTC,Grayscale Bitcoin Trust ETF,0001588489,FWP,,0000950170-24-004095,https://www.sec.gov/Archives/edgar/data/1588489/000095017024004095/btc_etf_101.htm
2024-01-12,GBTC,Grayscale Bitcoin Trust ETF,0001588489,FWP,,0000950170-24-004148,https://www.sec.gov/Archives/edgar/data/1588489/000095017024004148/gbtc_etf_970x250_static_.htm
2024-01-12,GBTC,Grayscale Bitcoin Trust ETF,0001588489,FWP,,0000950170-24-004206,https://www.sec.gov/Archives/edgar/data/1588489/000095017024004206/gbtc_first_day_of_tradin.htm
2024-01-12,GBTC,Grayscale Bitcoin Trust ETF,0001588489,FWP,,0000950170-24-004212,https://www.sec.gov/Archives/edgar/data/1588489/000095017024004212/gbtc_keyboard_ad_1.11.24.htm
2024-01-12,GBTC,Grayscale Bitcoin Trust ETF,0001588489,FWP,,0000950170-24-004230,https://www.sec.gov/Archives/edgar/data/1588489/000095017024004230/dianomi_headline_gbtc_et.htm
2024-01-12,GBTC,Grayscale Bitcoin Trust ETF,0001588489,8-K,2024-01-10,0000950170-24-004265,https://www.sec.gov/Archives/edgar/data/1588489/000095017024004265/gbtc-20240110.htm
2024-01-12,GBTC,Grayscale Bitcoin Trust ETF,0001588489,FWP,,0000950170-24-004272,https://www.sec.gov/Archives/edgar/data/1588489/000095017024004272/gbtc_ticker_social_1.12.htm
2024-01-12,GBTC,Grayscale Bitcoin Trust ETF,0001588489,FWP,,0000950170-24-004304,https://www.sec.gov/Archives/edgar/data/1588489/000095017024004304/gbtc_commodity_sm_1.12.2.htm
2024-01-12,HODL,VanEck Bitcoin ETF,0001838028,FWP,,0001628280-24-001220,https://www.sec.gov/Archives/edgar/data/1838028/000162828024001220/vaneckbitcointimelineblo.htm
2024-01-16,BTCW,WisdomTree Bitcoin Fund,0001850391,FWP,,0001214659-24-000796,https://www.sec.gov/Archives/edgar/data/1850391/000121465924000796/o116244fwp.htm
2024-01-16,EZBC,Franklin Templeton Digital Holdings Trust,0001992870,FWP,,0001137439-24-000248,https://www.sec.gov/Archives/edgar/data/1992870/000113743924000248/ftdht17fwp011224.htm
2024-01-16,GBTC,Grayscale Bitcoin Trust ETF,0001588489,FWP,,0000950170-24-004325,https://www.sec.gov/Archives/edgar/data/1588489/000095017024004325/gbtc_keyboard_sm_ads_1.1.htm
2024-01-16,GBTC,Grayscale Bitcoin Trust ETF,0001588489,FWP,,0000950170-24-004337,https://www.sec.gov/Archives/edgar/data/1588489/000095017024004337/wsj_ed_article_1.12.24.htm
2024-01-16,GBTC,Grayscale Bitcoin Trust ETF,0001588489,FWP,,0000950170-24-004344,https://www.sec.gov/Archives/edgar/data/1588489/000095017024004344/benzinga_article_1.12.24.htm
2024-01-16,GBTC,Grayscale Bitcoin Trust ETF,0001588489,FWP,,0000950170-24-004350,https://www.sec.gov/Archives/edgar/data/1588489/000095017024004350/grayscale_approval_event.htm
2024-01-16,GBTC,Grayscale Bitcoin Trust ETF,0001588489,FWP,,0000950170-24-004651,https://www.sec.gov/Archives/edgar/data/1588489/000095017024004651/coindesk_gbtc_article_1.htm
2024-01-16,GBTC,Grayscale Bitcoin Trust ETF,0001588489,FWP,,0000950170-24-004661,https://www.sec.gov/Archives/edgar/data/1588489/000095017024004661/coindesk_gbtc_social_1.1.htm
2024-01-17,BTCW,WisdomTree Bitcoin Fund,0001850391,FWP,,0001214659-24-000867,https://www.sec.gov/Archives/edgar/data/1850391/000121465924000867/e117241fwp.htm
2024-01-17,BTCW,WisdomTree Bitcoin Fund,0001850391,FWP,,0001214659-24-000869,https://www.sec.gov/Archives/edgar/data/1850391/000121465924000869/o117243fwp.htm
2024-01-17,BTCW,WisdomTree Bitcoin Fund,0001850391,FWP,,0001214659-24-000870,https://www.sec.gov/Archives/edgar/data/1850391/000121465924000870/d117241fwp.htm
2024-01-17,EZBC,Franklin Templeton Digital Holdings Trust,0001992870,FWP,,0001137439-24-000361,https://www.sec.gov/Archives/edgar/data/1992870/000113743924000361/ftdht19fwp012024.htm
2024-01-17,GBTC,Grayscale Bitcoin Trust ETF,0001588489,FWP,,0000950170-24-004900,https://www.sec.gov/Archives/edgar/data/1588489/000095017024004900/wsj_gbtc_article_1.11.24.htm
2024-01-17,GBTC,Grayscale Bitcoin Trust ETF,0001588489,FWP,,0000950170-24-004901,https://www.sec.gov/Archives/edgar/data/1588489/000095017024004901/wsj_gbtc_social_promo_1.htm
2024-01-18,EZBC,Franklin Templeton Digital Holdings Trust,0001992870,FWP,,0001137439-24-000513,https://www.sec.gov/Archives/edgar/data/1992870/000113743924000513/ftdhtfwp01172024.htm
2024-01-18,GBTC,Grayscale Bitcoin Trust ETF,0001588489,FWP,,0000950170-24-005088,https://www.sec.gov/Archives/edgar/data/1588489/000095017024005088/michael_on_bloombergtv_1.htm
2024-01-18,GBTC,Grayscale Bitcoin Trust ETF,0001588489,FWP,,0000950170-24-005119,https://www.sec.gov/Archives/edgar/data/1588489/000095017024005119/gbtc_vettafi_webinar_1.1.htm
2024-01-18,GBTC,Grayscale Bitcoin Trust ETF,0001588489,FWP,,0000950170-24-005246,https://www.sec.gov/Archives/edgar/data/1588489/000095017024005246/dianomi_-_largest_gbtc_e.htm
2024-01-18,GBTC,Grayscale Bitcoin Trust ETF,0001588489,FWP,,0000950170-24-005318,https://www.sec.gov/Archives/edgar/data/1588489/000095017024005318/ms_on_blockworks_1.17.24.htm
2024-01-18,GBTC,Grayscale Bitcoin Trust ETF,0001588489,FWP,,0000950170-24-005320,https://www.sec.gov/Archives/edgar/data/1588489/000095017024005320/ms_on_yahoo_finance_1.18.htm
2024-01-18,GBTC,Grayscale Bitcoin Trust ETF,0001588489,FWP,,0000950170-24-005360,https://www.sec.gov/Archives/edgar/data/1588489/000095017024005360/gbtc_website_promo_1.18.htm
2024-01-18,GBTC,Grayscale Bitcoin Trust ETF,0001588489,FWP,,0000950170-24-005430,https://www.sec.gov/Archives/edgar/data/1588489/000095017024005430/gbtc_heavy_etf_1.18.24.htm
2024-01-18,GBTC,Grayscale Bitcoin Trust ETF,0001588489,FWP,,0000950170-24-005447,https://www.sec.gov/Archives/edgar/data/1588489/000095017024005447/gbtc_webpage_1.18.24.htm
2024-01-19,BRRR,CoinShares Bitcoin ETF,0001841175,424B3,,0001999371-24-000555,https://www.sec.gov/Archives/edgar/data/1841175/000199937124000555/bitcoin-424b3_011924.htm
2024-01-19,EZBC,Franklin Templeton Digital Holdings Trust,0001992870,FWP,,0001137439-24-000530,https://www.sec.gov/Archives/edgar/data/1992870/000113743924000530/ftdhtfwp01182024.htm
2024-01-19,GBTC,Grayscale Bitcoin Trust ETF,0001588489,FWP,,0000950170-24-005672,https://www.sec.gov/Archives/edgar/data/1588489/000095017024005672/michael_on_techcrunch_1.htm
2024-01-19,GBTC,Grayscale Bitcoin Trust ETF,0001588489,FWP,,0000950170-24-005720,https://www.sec.gov/Archives/edgar/data/1588489/000095017024005720/craig_on_siriusxm_1.19.2.htm
2024-01-19,GBTC,Grayscale Bitcoin Trust ETF,0001588489,FWP,,0000950170-24-005781,https://www.sec.gov/Archives/edgar/data/1588489/000095017024005781/yahoo_gbtc_article_1.19.htm
2024-01-19,GBTC,Grayscale Bitcoin Trust ETF,0001588489,FWP,,0000950170-24-005783,https://www.sec.gov/Archives/edgar/data/1588489/000095017024005783/yahoo_article_socials_1.htm
2024-01-19,GBTC,Grayscale Bitcoin Trust ETF,0001588489,FWP,,0000950170-24-005872,https://www.sec.gov/Archives/edgar/data/1588489/000095017024005872/ms_on_techcrunch_social_.htm
2024-01-22,GBTC,Grayscale Bitcoin Trust ETF,0001588489,FWP,,0000950170-24-005939,https://www.sec.gov/Archives/edgar/data/1588489/000095017024005939/first_mover_fwp.htm
2024-01-22,GBTC,Grayscale Bitcoin Trust ETF,0001588489,FWP,,0000950170-24-006047,https://www.sec.gov/Archives/edgar/data/1588489/000095017024006047/dallas_cryptoconnect_inv.htm
2024-01-23,BTCW,WisdomTree Bitcoin Fund,0001850391,FWP,,0001214659-24-001114,https://www.sec.gov/Archives/edgar/data/1850391/000121465924001114/j123245fwp.htm
2024-01-23,GBTC,Grayscale Bitcoin Trust ETF,0001588489,FWP,,0000950170-24-006295,https://www.sec.gov/Archives/edgar/data/1588489/000095017024006295/first_mover_2_fwp.htm
2024-01-23,GBTC,Grayscale Bitcoin Trust ETF,0001588489,FWP,,0000950170-24-006345,https://www.sec.gov/Archives/edgar/data/1588489/000095017024006345/coindesk_email_fwp.htm
2024-01-23,GBTC,Grayscale Bitcoin Trust ETF,0001588489,FWP,,0000950170-24-006414,https://www.sec.gov/Archives/edgar/data/1588489/000095017024006414/coindesk_ftx_article_1.2.htm
2024-01-23,GBTC,Grayscale Bitcoin Trust ETF,0001588489,FWP,,0000950170-24-006417,https://www.sec.gov/Archives/edgar/data/1588489/000095017024006417/coindesk_ftx_socials_1.2.htm
2024-01-23,GBTC,Grayscale Bitcoin Trust ETF,0001588489,FWP,,0000950170-24-006418,https://www.sec.gov/Archives/edgar/data/1588489/000095017024006418/axios_gbtc_article_1.22.htm
2024-01-23,GBTC,Grayscale Bitcoin Trust ETF,0001588489,FWP,,0000950170-24-006459,https://www.sec.gov/Archives/edgar/data/1588489/000095017024006459/axios_article_socials_1.htm
2024-01-23,HODL,VanEck Bitcoin ETF,0001838028,FWP,,0001628280-24-001917,https://www.sec.gov/Archives/edgar/data/1838028/000162828024001917/hodlvaneckbitcointrustev.htm
2024-01-23,HODL,VanEck Bitcoin ETF,0001838028,FWP,,0001628280-24-001919,https://www.sec.gov/Archives/edgar/data/1838028/000162828024001919/hodlvaneckbitcointrustev.htm
2024-01-24,GBTC,Grayscale Bitcoin Trust ETF,0001588489,FWP,,0000950170-24-007063,https://www.sec.gov/Archives/edgar/data/1588489/000095017024007063/gbtc_bitcoin_primer_1242.htm
2024-01-25,GBTC,Grayscale Bitcoin Trust ETF,0001588489,FWP,,0000950170-24-007439,https://www.sec.gov/Archives/edgar/data/1588489/000095017024007439/dave_on_benzinga_1.25.24.htm
2024-01-25,GBTC,Grayscale Bitcoin Trust ETF,0001588489,FWP,,0000950170-24-007456,https://www.sec.gov/Archives/edgar/data/1588489/000095017024007456/ms_on_cd_podcast_1.25.24.htm
2024-01-25,GBTC,Grayscale Bitcoin Trust ETF,0001588489,FWP,,0000950170-24-007524,https://www.sec.gov/Archives/edgar/data/1588489/000095017024007524/financial_planning_ce_we.htm
2024-01-26,GBTC,Grayscale Bitcoin Trust ETF,0001588489,FWP,,0000950170-24-008015,https://www.sec.gov/Archives/edgar/data/1588489/000095017024008015/gbtc_website_revised_1.2.htm
2024-01-26,HODL,VanEck Bitcoin ETF,0001838028,FWP,,0001628280-24-002366,https://www.sec.gov/Archives/edgar/data/1838028/000162828024002366/vaneckbitcointrusthodlfo.htm
2024-01-29,BTCO,Invesco Galaxy Bitcoin ETF,0001855781,8-K,2024-01-29,0001193125-24-018212,https://www.sec.gov/Archives/edgar/data/1855781/000119312524018212/d721311d8k.htm
2024-01-29,BTCO,Invesco Galaxy Bitcoin ETF,0001855781,424B3,,0001193125-24-018217,https://www.sec.gov/Archives/edgar/data/1855781/000119312524018217/d714048d424b3.htm
2024-01-29,BTCW,WisdomTree Bitcoin Fund,0001850391,FWP,,0001214659-24-001304,https://www.sec.gov/Archives/edgar/data/1850391/000121465924001304/f129243fwp.htm
2024-01-29,GBTC,Grayscale Bitcoin Trust ETF,0001588489,FWP,,0000950170-24-008286,https://www.sec.gov/Archives/edgar/data/1588489/000095017024008286/gbtc_website_3_-_1.29.24.htm
2024-01-30,BTCW,WisdomTree Bitcoin Fund,0001850391,FWP,,0001214659-24-001409,https://www.sec.gov/Archives/edgar/data/1850391/000121465924001409/b130244fwp.htm
2024-01-30,GBTC,Grayscale Bitcoin Trust ETF,0001588489,FWP,,0000950170-24-008752,https://www.sec.gov/Archives/edgar/data/1588489/000095017024008752/crypto_connect_updated_i.htm
2024-01-30,GBTC,Grayscale Bitcoin Trust ETF,0001588489,FWP,,0000950170-24-008968,https://www.sec.gov/Archives/edgar/data/1588489/000095017024008968/fwp_-_gbtc_google_search.htm
2024-01-31,IBIT,iShares Bitcoin Trust ETF,0001980994,FWP,,0001437749-24-002705,https://www.sec.gov/Archives/edgar/data/1980994/000143774924002705/bit20240130_fwp.htm
2024-02-01,BRRR,CoinShares Bitcoin ETF,0001841175,424B3,,0001999371-24-001335,https://www.sec.gov/Archives/edgar/data/1841175/000199937124001335/bitcoin-424b3_020124.htm
2024-02-01,BRRR,CoinShares Bitcoin ETF,0001841175,8-K,2024-02-01,0001999371-24-001339,https://www.sec.gov/Archives/edgar/data/1841175/000199937124001339/brrr-8k_020124.htm
2024-02-01,BRRR,CoinShares Bitcoin ETF,0001841175,POS EX,,0001999371-24-001340,https://www.sec.gov/Archives/edgar/data/1841175/000199937124001340/bitcoin-posex_020224.htm
2024-02-01,BTCW,WisdomTree Bitcoin Fund,0001850391,424B3,,0001214659-24-001613,https://www.sec.gov/Archives/edgar/data/1850391/000121465924001613/j131246424b3.htm
2024-02-01,GBTC,Grayscale Bitcoin Trust ETF,0001588489,FWP,,0000950170-24-009836,https://www.sec.gov/Archives/edgar/data/1588489/000095017024009836/wealth_management_ce_web.htm
2024-02-01,HODL,VanEck Bitcoin ETF,0001838028,FWP,,0001628280-24-002888,https://www.sec.gov/Archives/edgar/data/1838028/000162828024002888/vaneckbitcointrusthodlso.htm
2024-02-02,GBTC,Grayscale Bitcoin Trust ETF,0001588489,FWP,,0000950170-24-010373,https://www.sec.gov/Archives/edgar/data/1588489/000095017024010373/investopedia_newsletter_.htm
2024-02-02,IBIT,iShares Bitcoin Trust ETF,0001980994,FWP,,0001437749-24-002911,https://www.sec.gov/Archives/edgar/data/1980994/000143774924002911/bit20240201_fwp.htm
2024-02-05,BTCW,WisdomTree Bitcoin Fund,0001850391,FWP,,0001214659-24-001913,https://www.sec.gov/Archives/edgar/data/1850391/000121465924001913/j25242fwp.htm
2024-02-05,BTCW,WisdomTree Bitcoin Fund,0001850391,FWP,,0001214659-24-001914,https://www.sec.gov/Archives/edgar/data/1850391/000121465924001914/p25242fwp.htm
2024-02-05,BTCW,WisdomTree Bitcoin Fund,0001850391,FWP,,0001214659-24-001915,https://www.sec.gov/Archives/edgar/data/1850391/000121465924001915/o25242fwp.htm
2024-02-05,BTCW,WisdomTree Bitcoin Fund,0001850391,FWP,,0001214659-24-001944,https://www.sec.gov/Archives/edgar/data/1850391/000121465924001944/b25246fwp.htm
2024-02-05,GBTC,Grayscale Bitcoin Trust ETF,0001588489,FWP,,0000950170-24-010749,https://www.sec.gov/Archives/edgar/data/1588489/000095017024010749/zp_on_coinage_2.2.24.htm
2024-02-05,GBTC,Grayscale Bitcoin Trust ETF,0001588489,FWP,,0000950170-24-011214,https://www.sec.gov/Archives/edgar/data/1588489/000095017024011214/fortune_gbtc_article_2.5.htm
2024-02-05,GBTC,Grayscale Bitcoin Trust ETF,0001588489,FWP,,0000950170-24-011216,https://www.sec.gov/Archives/edgar/data/1588489/000095017024011216/gbtc_options_x_post_2.5.htm
2024-02-07,HODL,VanEck Bitcoin ETF,0001838028,FWP,,0001838028-24-000005,https://www.sec.gov/Archives/edgar/data/1838028/000183802824000005/vaneckhodltwitterspacese.htm
2024-02-07,HODL,VanEck Bitcoin ETF,0001838028,FWP,,0001838028-24-000006,https://www.sec.gov/Archives/edgar/data/1838028/000183802824000006/vaneckhodltwitterspaceem.htm
2024-02-08,GBTC,Grayscale Bitcoin Trust ETF,0001588489,FWP,,0000950170-24-012670,https://www.sec.gov/Archives/edgar/data/1588489/000095017024012670/ria_channel_ce_webinar_2.htm
2024-02-09,GBTC,Grayscale Bitcoin Trust ETF,0001588489,FWP,,0000950170-24-013283,https://www.sec.gov/Archives/edgar/data/1588489/000095017024013283/gbtc_aum_social_1.16.24.htm
2024-02-12,GBTC,Grayscale Bitcoin Trust ETF,0001588489,PRE 14A,2024-02-12,0000950170-24-013912,https://www.sec.gov/Archives/edgar/data/1588489/000095017024013912/gbtc_pre_14a_feb_2024_v3.htm
2024-02-12,GBTC,Grayscale Bitcoin Trust ETF,0001588489,FWP,,0000950170-24-013965,https://www.sec.gov/Archives/edgar/data/1588489/000095017024013965/column_wraps_etf_exchang.htm
2024-02-12,GBTC,Grayscale Bitcoin Trust ETF,0001588489,FWP,,0000950170-24-013973,https://www.sec.gov/Archives/edgar/data/1588489/000095017024013973/etf_t-shirt.htm
2024-02-12,GBTC,Grayscale Bitcoin Trust ETF,0001588489,FWP,,0000950170-24-013974,https://www.sec.gov/Archives/edgar/data/1588489/000095017024013974/valet_tray__disclosure_c.htm
2024-02-12,GBTC,Grayscale Bitcoin Trust ETF,0001588489,FWP,,0000950170-24-013975,https://www.sec.gov/Archives/edgar/data/1588489/000095017024013975/gbtc_folders.htm
2024-02-12,GBTC,Grayscale Bitcoin Trust ETF,0001588489,FWP,,0000950170-24-013980,https://www.sec.gov/Archives/edgar/data/1588489/000095017024013980/trifold_brochure.htm
2024-02-12,HODL,VanEck Bitcoin ETF,0001838028,FWP,,0001838028-24-000009,https://www.sec.gov/Archives/edgar/data/1838028/000183802824000009/hodlvaneckbitcointrustva.htm
2024-02-13,GBTC,Grayscale Bitcoin Trust ETF,0001588489,FWP,,0000950170-24-014014,https://www.sec.gov/Archives/edgar/data/1588489/000095017024014014/bitcoin_book.htm
2024-02-13,GBTC,Grayscale Bitcoin Trust ETF,0001588489,FWP,,0000950170-24-014487,https://www.sec.gov/Archives/edgar/data/1588489/000095017024014487/gbtc_1_month_social_2.13.htm
2024-02-14,GBTC,Grayscale Bitcoin Trust ETF,0001588489,FWP,,0000950170-24-014689,https://www.sec.gov/Archives/edgar/data/1588489/000095017024014689/dl_on_cnbc_2.13.24.htm
2024-02-14,GBTC,Grayscale Bitcoin Trust ETF,0001588489,FWP,,0000950170-24-015079,https://www.sec.gov/Archives/edgar/data/1588489/000095017024015079/dl_on_tradetalks_2.14.24.htm
2024-02-14,GBTC,Grayscale Bitcoin Trust ETF,0001588489,FWP,,0000950170-24-015261,https://www.sec.gov/Archives/edgar/data/1588489/000095017024015261/investor_deck.htm
2024-02-15,GBTC,Grayscale Bitcoin Trust ETF,0001588489,FWP,,0000950170-24-015973,https://www.sec.gov/Archives/edgar/data/1588489/000095017024015973/investmentnews_webinar_2.htm
2024-02-15,HODL,VanEck Bitcoin ETF,0001838028,424B3,,0000930413-24-000609,https://www.sec.gov/Archives/edgar/data/1838028/000093041324000609/c108219_424b3.htm
2024-02-20,GBTC,Grayscale Bitcoin Trust ETF,0001588489,FWP,,0000950170-24-016958,https://www.sec.gov/Archives/edgar/data/1588489/000095017024016958/bloomberg_spotlight_fwp.htm
2024-02-20,GBTC,Grayscale Bitcoin Trust ETF,0001588489,FWP,,0000950170-24-017245,https://www.sec.gov/Archives/edgar/data/1588489/000095017024017245/zp_wealth_management_2.2.htm
2024-02-21,BTCW,WisdomTree Bitcoin Fund,0001850391,FWP,,0001214659-24-003273,https://www.sec.gov/Archives/edgar/data/1850391/000121465924003273/p221240fwp.htm
2024-02-21,GBTC,Grayscale Bitcoin Trust ETF,0001588489,FWP,,0000950170-24-017700,https://www.sec.gov/Archives/edgar/data/1588489/000095017024017700/split_keyboard_gbtc_2.21.htm
2024-02-21,HODL,VanEck Bitcoin ETF,0001838028,FWP,,0001838028-24-000012,https://www.sec.gov/Archives/edgar/data/1838028/000183802824000012/hodlfeechangewebpagesfwp.htm
2024-02-21,HODL,VanEck Bitcoin ETF,0001838028,FWP,,0001838028-24-000013,https://www.sec.gov/Archives/edgar/data/1838028/000183802824000013/hodlfundprofile_2212024x.htm
2024-02-21,HODL,VanEck Bitcoin ETF,0001838028,FWP,,0001838028-24-000015,https://www.sec.gov/Archives/edgar/data/1838028/000183802824000015/hodlvaneckbitcointrustfa.htm
2024-02-22,EZBC,Franklin Templeton Digital Holdings Trust,0001992870,FWP,,0001137439-24-000615,https://www.sec.gov/Archives/edgar/data/1992870/000113743924000615/ftdhtfwp02212024.htm
2024-02-22,GBTC,Grayscale Bitcoin Trust ETF,0001588489,FWP,,0000950170-24-018643,https://www.sec.gov/Archives/edgar/data/1588489/000095017024018643/roadshow_deck.htm
2024-02-23,EZBC,Franklin Templeton Digital Holdings Trust,0001992870,FWP,,0001137439-24-000626,https://www.sec.gov/Archives/edgar/data/1992870/000113743924000626/ftdhtfwp02212024.htm
2024-02-23,EZBC,Franklin Templeton Digital Holdings Trust,0001992870,10-Q,2023-12-31,0001193125-24-044319,https://www.sec.gov/Archives/edgar/data/1992870/000119312524044319/d761275d10q.htm
2024-02-23,GBTC,Grayscale Bitcoin Trust ETF,0001588489,FWP,,0000950170-24-019008,https://www.sec.gov/Archives/edgar/data/1588489/000095017024019008/cc_dallas_ms_tom_2.22.24.htm
2024-02-23,GBTC,Grayscale Bitcoin Trust ETF,0001588489,FWP,,0000950170-24-019012,https://www.sec.gov/Archives/edgar/data/1588489/000095017024019012/cc_dallas_foundry_2.22.2.htm
2024-02-23,GBTC,Grayscale Bitcoin Trust ETF,0001588489,FWP,,0000950170-24-019015,https://www.sec.gov/Archives/edgar/data/1588489/000095017024019015/cc_dallas_brooke_panel_2.htm
2024-02-23,GBTC,Grayscale Bitcoin Trust ETF,0001588489,FWP,,0000950170-24-019018,https://www.sec.gov/Archives/edgar/data/1588489/000095017024019018/cc_dallas_ms_crypto_2.22.htm
2024-02-23,GBTC,Grayscale Bitcoin Trust ETF,0001588489,FWP,,0000950170-24-019020,https://www.sec.gov/Archives/edgar/data/1588489/000095017024019020/cc_dallas_intro__craig_2.htm
2024-02-23,GBTC,Grayscale Bitcoin Trust ETF,0001588489,FWP,,0000950170-24-019314,https://www.sec.gov/Archives/edgar/data/1588489/000095017024019314/ms_squawk_2.23.24.htm
2024-02-23,GBTC,Grayscale Bitcoin Trust ETF,0001588489,FWP,,0000950170-24-019318,https://www.sec.gov/Archives/edgar/data/1588489/000095017024019318/ms_cnbc_retweet_2.23.24.htm
2024-02-23,GBTC,Grayscale Bitcoin Trust ETF,0001588489,FWP,,0000950170-24-019375,https://www.sec.gov/Archives/edgar/data/1588489/000095017024019375/fox_business_socials_2.2.htm
2024-02-23,GBTC,Grayscale Bitcoin Trust ETF,0001588489,DEF 14A,2024-02-23,0000950170-24-019411,https://www.sec.gov/Archives/edgar/data/1588489/000095017024019411/gbtc_def_14a_feb_2024.htm
2024-02-23,GBTC,Grayscale Bitcoin Trust ETF,0001588489,FWP,,0000950170-24-019437,https://www.sec.gov/Archives/edgar/data/1588489/000095017024019437/gbtc_philly_ad_2.23.24.htm
2024-02-23,GBTC,Grayscale Bitcoin Trust ETF,0001588489,10-K,2023-12-31,0001193125-24-043678,https://www.sec.gov/Archives/edgar/data/1588489/000119312524043678/d736998d10k.htm
2024-02-26,GBTC,Grayscale Bitcoin Trust ETF,0001588489,FWP,,0000950170-24-020241,https://www.sec.gov/Archives/edgar/data/1588489/000095017024020241/behind_the_ticker_2.26.htm
2024-02-27,GBTC,Grayscale Bitcoin Trust ETF,0001588489,FWP,,0000950170-24-020956,https://www.sec.gov/Archives/edgar/data/1588489/000095017024020956/hoffman_on_wrcb_tv_2.27.htm
2024-02-27,GBTC,Grayscale Bitcoin Trust ETF,0001588489,FWP,,0000950170-24-021304,https://www.sec.gov/Archives/edgar/data/1588489/000095017024021304/wbre-tv_with_john_hoffma.htm
2024-02-27,GBTC,Grayscale Bitcoin Trust ETF,0001588489,FWP,,0000950170-24-021357,https://www.sec.gov/Archives/edgar/data/1588489/000095017024021357/john_hoffman_whnt-tv_2.2.htm
2024-02-28,GBTC,Grayscale Bitcoin Trust ETF,0001588489,FWP,,0000950170-24-021974,https://www.sec.gov/Archives/edgar/data/1588489/000095017024021974/finimize_newsletter_1.htm
2024-02-29,GBTC,Grayscale Bitcoin Trust ETF,0001588489,FWP,,0000950170-24-023107,https://www.sec.gov/Archives/edgar/data/1588489/000095017024023107/john_hoffman_wmbs-am_2.2.htm
2024-02-29,GBTC,Grayscale Bitcoin Trust ETF,0001588489,FWP,,0000950170-24-023108,https://www.sec.gov/Archives/edgar/data/1588489/000095017024023108/john_hoffman_wics-tv_2.2.htm
2024-02-29,GBTC,Grayscale Bitcoin Trust ETF,0001588489,FWP,,0000950170-24-023109,https://www.sec.gov/Archives/edgar/data/1588489/000095017024023109/john_hoffman_wtlv--tv_2.htm
2024-02-29,HODL,VanEck Bitcoin ETF,0001838028,FWP,,0001838028-24-000019,https://www.sec.gov/Archives/edgar/data/1838028/000183802824000019/hodlvaneckbitcointrustvi.htm
2024-03-01,GBTC,Grayscale Bitcoin Trust ETF,0001588489,FWP,,0000950170-24-023692,https://www.sec.gov/Archives/edgar/data/1588489/000095017024023692/yahoo_finance_tv_-ms_tra.htm
2024-03-01,GBTC,Grayscale Bitcoin Trust ETF,0001588489,FWP,,0000950170-24-023714,https://www.sec.gov/Archives/edgar/data/1588489/000095017024023714/nyse_tv_-_dave_lavalle_3.htm
2024-03-01,GBTC,Grayscale Bitcoin Trust ETF,0001588489,FWP,,0000950170-24-023803,https://www.sec.gov/Archives/edgar/data/1588489/000095017024023803/cheddar_tv_with_dave_lav.htm
2024-03-01,GBTC,Grayscale Bitcoin Trust ETF,0001588489,FWP,,0000950170-24-023826,https://www.sec.gov/Archives/edgar/data/1588489/000095017024023826/schwab_network_w_michael.htm
2024-03-01,GBTC,Grayscale Bitcoin Trust ETF,0001588489,FWP,,0000950170-24-023855,https://www.sec.gov/Archives/edgar/data/1588489/000095017024023855/ksnw-tv__with_john_hoffm.htm
2024-03-01,GBTC,Grayscale Bitcoin Trust ETF,0001588489,FWP,,0000950170-24-023906,https://www.sec.gov/Archives/edgar/data/1588489/000095017024023906/gbtc_timelapse_x.com_3.1.htm
2024-03-01,GBTC,Grayscale Bitcoin Trust ETF,0001588489,FWP,,0000950170-24-023908,https://www.sec.gov/Archives/edgar/data/1588489/000095017024023908/gbtc_timelapse_2_social_.htm
2024-03-01,GBTC,Grayscale Bitcoin Trust ETF,0001588489,FWP,,0000950170-24-023909,https://www.sec.gov/Archives/edgar/data/1588489/000095017024023909/ms_nyse_social_3.1.24.htm
2024-03-01,GBTC,Grayscale Bitcoin Trust ETF,0001588489,FWP,,0000950170-24-023910,https://www.sec.gov/Archives/edgar/data/1588489/000095017024023910/nyse_bell_social_3_3.1.2.htm
2024-03-01,GBTC,Grayscale Bitcoin Trust ETF,0001588489,FWP,,0000950170-24-023928,https://www.sec.gov/Archives/edgar/data/1588489/000095017024023928/sonnenshein_cnbc_3.1.24.htm
2024-03-01,GBTC,Grayscale Bitcoin Trust ETF,0001588489,FWP,,0000950170-24-024000,https://www.sec.gov/Archives/edgar/data/1588489/000095017024024000/salm_nyse_social_3.1.24.htm
2024-03-01,GBTC,Grayscale Bitcoin Trust ETF,0001588489,FWP,,0000950170-24-024027,https://www.sec.gov/Archives/edgar/data/1588489/000095017024024027/fox_business_tv_bitcoin_.htm
2024-03-01,HODL,VanEck Bitcoin ETF,0001838028,8-K,2024-03-01,0000930413-24-000867,https://www.sec.gov/Archives/edgar/data/1838028/000093041324000867/c108363_8k-ixbrl.htm
2024-03-01,HODL,VanEck Bitcoin ETF,0001838028,424B3,,0000930413-24-000868,https://www.sec.gov/Archives/edgar/data/1838028/000093041324000868/c108364_424b3.htm
2024-03-01,HODL,VanEck Bitcoin ETF,0001838028,FWP,,0001838028-24-000024,https://www.sec.gov/Archives/edgar/data/1838028/000183802824000024/hodlvaneckbitcointrustsu.htm
2024-03-01,HODL,VanEck Bitcoin ETF,0001838028,FWP,,0001838028-24-000025,https://www.sec.gov/Archives/edgar/data/1838028/000183802824000025/hodlvaneckbitcointrustre.htm
2024-03-01,HODL,VanEck Bitcoin ETF,0001838028,FWP,,0001838028-24-000026,https://www.sec.gov/Archives/edgar/data/1838028/000183802824000026/hodlvaneckbitcointrustha.htm
2024-03-01,HODL,VanEck Bitcoin ETF,0001838028,FWP,,0001838028-24-000027,https://www.sec.gov/Archives/edgar/data/1838028/000183802824000027/hodlvaneckbitcointrustwa.htm
2024-03-04,GBTC,Grayscale Bitcoin Trust ETF,0001588489,FWP,,0000950170-24-024081,https://www.sec.gov/Archives/edgar/data/1588489/000095017024024081/lavalle_yahoo_3.1.24.htm
2024-03-04,GBTC,Grayscale Bitcoin Trust ETF,0001588489,FWP,,0000950170-24-024595,https://www.sec.gov/Archives/edgar/data/1588489/000095017024024595/finimize_guide.htm
2024-03-04,IBIT,iShares Bitcoin Trust ETF,0001980994,10-K,2023-12-31,0001437749-24-006339,https://www.sec.gov/Archives/edgar/data/1980994/000143774924006339/bit20231231_10k.htm
2024-03-04,IBIT,iShares Bitcoin Trust ETF,0001980994,424B3,,0001437749-24-006443,https://www.sec.gov/Archives/edgar/data/1980994/000143774924006443/bit20240304_424b3.htm
2024-03-05,GBTC,Grayscale Bitcoin Trust ETF,0001588489,FWP,,0000950170-24-025434,https://www.sec.gov/Archives/edgar/data/1588489/000095017024025434/gbtc_marketing_blog.htm
2024-03-05,GBTC,Grayscale Bitcoin Trust ETF,0001588489,FWP,,0000950170-24-026144,https://www.sec.gov/Archives/edgar/data/1588489/000095017024026144/ktul__with_john_hoffman.htm
2024-03-05,GBTC,Grayscale Bitcoin Trust ETF,0001588489,FWP,,0000950170-24-026145,https://www.sec.gov/Archives/edgar/data/1588489/000095017024026145/wfts__with_john_hoffman.htm
2024-03-05,GBTC,Grayscale Bitcoin Trust ETF,0001588489,FWP,,0000950170-24-026146,https://www.sec.gov/Archives/edgar/data/1588489/000095017024026146/krqe__with_john_hoffman.htm
2024-03-05,GBTC,Grayscale Bitcoin Trust ETF,0001588489,FWP,,0000950170-24-026147,https://www.sec.gov/Archives/edgar/data/1588489/000095017024026147/wfin__with_john_hoffman.htm
2024-03-06,GBTC,Grayscale Bitcoin Trust ETF,0001588489,8-K,2024-03-01,0000950170-24-027118,https://www.sec.gov/Archives/edgar/data/1588489/000095017024027118/gbtc-20240301.htm
2024-03-06,GBTC,Grayscale Bitcoin Trust ETF,0001588489,FWP,,0000950170-24-027350,https://www.sec.gov/Archives/edgar/data/1588489/000095017024027350/gbtc_options_blog_3.6.24.htm
2024-03-06,GBTC,Grayscale Bitcoin Trust ETF,0001588489,FWP,,0000950170-24-027351,https://www.sec.gov/Archives/edgar/data/1588489/000095017024027351/options_blog_social_3.6.htm
2024-03-07,GBTC,Grayscale Bitcoin Trust ETF,0001588489,FWP,,0000950170-24-027834,https://www.sec.gov/Archives/edgar/data/1588489/000095017024027834/wcmh_tv_john_hoffman_3.7.htm
2024-03-08,BTCO,Invesco Galaxy Bitcoin ETF,0001855781,10-K,2023-12-31,0000950170-24-028251,https://www.sec.gov/Archives/edgar/data/1855781/000095017024028251/btco_10k.htm
2024-03-08,GBTC,Grayscale Bitcoin Trust ETF,0001588489,FWP,,0000950170-24-028545,https://www.sec.gov/Archives/edgar/data/1588489/000095017024028545/ktnv_tv_john_hoffman_3.8.htm
2024-03-08,GBTC,Grayscale Bitcoin Trust ETF,0001588489,FWP,,0000950170-24-028573,https://www.sec.gov/Archives/edgar/data/1588489/000095017024028573/finimize_newsletter_2.htm
2024-03-11,EZBC,Franklin Templeton Digital Holdings Trust,0001992870,FWP,,0001137439-24-000717,https://www.sec.gov/Archives/edgar/data/1992870/000113743924000717/ftdhtfwp02212024.htm
2024-03-11,GBTC,Grayscale Bitcoin Trust ETF,0001588489,FWP,,0000950170-24-029020,https://www.sec.gov/Archives/edgar/data/1588489/000095017024029020/finimize_newsletter_3.htm
2024-03-11,GBTC,Grayscale Bitcoin Trust ETF,0001588489,FWP,,0000950170-24-029181,https://www.sec.gov/Archives/edgar/data/1588489/000095017024029181/gbtc_finimize_guide_3.11.htm
2024-03-11,GBTC,Grayscale Bitcoin Trust ETF,0001588489,FWP,,0000950170-24-029365,https://www.sec.gov/Archives/edgar/data/1588489/000095017024029365/wset_tv_bitcoin_etf_w_jo.htm
2024-03-11,HODL,VanEck Bitcoin ETF,0001838028,424B3,,0000930413-24-000912,https://www.sec.gov/Archives/edgar/data/1838028/000093041324000912/c108461_424b3.htm
2024-03-12,BTC,Grayscale Bitcoin Mini Trust ETF,0002015034,S-1,,0001193125-24-065444,https://www.sec.gov/Archives/edgar/data/2015034/000119312524065444/d785023ds1.htm
2024-03-12,EZBC,Franklin Templeton Digital Holdings Trust,0001992870,FWP,,0001680359-24-000102,https://www.sec.gov/Archives/edgar/data/1992870/000168035924000102/ftdhtfwp03112024.htm
2024-03-12,GBTC,Grayscale Bitcoin Trust ETF,0001588489,FWP,,0000950170-24-029706,https://www.sec.gov/Archives/edgar/data/1588489/000095017024029706/fox_business_tv_zach_pan.htm
2024-03-12,GBTC,Grayscale Bitcoin Trust ETF,0001588489,FWP,,0000950170-24-029775,https://www.sec.gov/Archives/edgar/data/1588489/000095017024029775/btc_spin_off_blog_3.12.2.htm
2024-03-12,GBTC,Grayscale Bitcoin Trust ETF,0001588489,FWP,,0000950170-24-029776,https://www.sec.gov/Archives/edgar/data/1588489/000095017024029776/btc_spin_off_socials_3.1.htm
2024-03-12,GBTC,Grayscale Bitcoin Trust ETF,0001588489,8-K,2024-03-12,0000950170-24-029937,https://www.sec.gov/Archives/edgar/data/1588489/000095017024029937/gbtc-20240312.htm
2024-03-12,HODL,VanEck Bitcoin ETF,0001838028,FWP,,0001838028-24-000029,https://www.sec.gov/Archives/edgar/data/1838028/000183802824000029/hodlvaneckbitcointrustno.htm
2024-03-13,GBTC,Grayscale Bitcoin Trust ETF,0001588489,FWP,,0000950170-24-030185,https://www.sec.gov/Archives/edgar/data/1588489/000095017024030185/axios_gbtc_socials_3.12.htm
2024-03-13,GBTC,Grayscale Bitcoin Trust ETF,0001588489,FWP,,0000950170-24-030186,https://www.sec.gov/Archives/edgar/data/1588489/000095017024030186/axios_gbtc__btc_3.12.24.htm
2024-03-13,GBTC,Grayscale Bitcoin Trust ETF,0001588489,FWP,,0000950170-24-030907,https://www.sec.gov/Archives/edgar/data/1588489/000095017024030907/wphl_tv_morning_news_jh.htm
2024-03-14,GBTC,Grayscale Bitcoin Trust ETF,0001588489,FWP,,0000950170-24-030937,https://www.sec.gov/Archives/edgar/data/1588489/000095017024030937/gbtc_to_btc_blog.htm
2024-03-14,GBTC,Grayscale Bitcoin Trust ETF,0001588489,FWP,,0000950170-24-030981,https://www.sec.gov/Archives/edgar/data/1588489/000095017024030981/etf_marketing_socials_3.htm
2024-03-14,GBTC,Grayscale Bitcoin Trust ETF,0001588489,FWP,,0000950170-24-031461,https://www.sec.gov/Archives/edgar/data/1588489/000095017024031461/wbtw__living_local_carol.htm
2024-03-14,GBTC,Grayscale Bitcoin Trust ETF,0001588489,FWP,,0000950170-24-031462,https://www.sec.gov/Archives/edgar/data/1588489/000095017024031462/the_tech_show_jh_3.14.24.htm
2024-03-14,GBTC,Grayscale Bitcoin Trust ETF,0001588489,FWP,,0000950170-24-031464,https://www.sec.gov/Archives/edgar/data/1588489/000095017024031464/gbtc_nyse_video_3.14.24.htm
2024-03-14,HODL,VanEck Bitcoin ETF,0001838028,FWP,,0001838028-24-000031,https://www.sec.gov/Archives/edgar/data/1838028/000183802824000031/hodlvaneckbitcointrustfe.htm
2024-03-15,BRRR,CoinShares Bitcoin ETF,0001841175,POS EX,,0001999371-24-003612,https://www.sec.gov/Archives/edgar/data/1841175/000199937124003612/bitcoin-posex_031524.htm
2024-03-15,BRRR,CoinShares Bitcoin ETF,0001841175,8-K,2024-03-15,0001999371-24-003613,https://www.sec.gov/Archives/edgar/data/1841175/000199937124003613/brrr-8k_031524.htm
2024-03-15,BRRR,CoinShares Bitcoin ETF,0001841175,424B3,,0001999371-24-003614,https://www.sec.gov/Archives/edgar/data/1841175/000199937124003614/brrr-424b3_031524.htm
2024-03-15,GBTC,Grayscale Bitcoin Trust ETF,0001588489,FWP,,0000950170-24-032068,https://www.sec.gov/Archives/edgar/data/1588489/000095017024032068/wealth_management_email.htm
2024-03-15,GBTC,Grayscale Bitcoin Trust ETF,0001588489,FWP,,0000950170-24-032069,https://www.sec.gov/Archives/edgar/data/1588489/000095017024032069/wealth_management_summar.htm
2024-03-15,GBTC,Grayscale Bitcoin Trust ETF,0001588489,FWP,,0000950170-24-032117,https://www.sec.gov/Archives/edgar/data/1588489/000095017024032117/3d_keyboard_30s.htm
2024-03-18,GBTC,Grayscale Bitcoin Trust ETF,0001588489,8-K,2024-03-14,0000950170-24-032813,https://www.sec.gov/Archives/edgar/data/1588489/000095017024032813/gbtc-20240314.htm
2024-03-19,GBTC,Grayscale Bitcoin Trust ETF,0001588489,FWP,,0000950170-24-033546,https://www.sec.gov/Archives/edgar/data/1588489/000095017024033546/gbtc_cnbc_article_3.19.2.htm
2024-03-19,GBTC,Grayscale Bitcoin Trust ETF,0001588489,FWP,,0000950170-24-033547,https://www.sec.gov/Archives/edgar/data/1588489/000095017024033547/gbtc_fee_cnbc_social_3.1.htm
2024-03-20,GBTC,Grayscale Bitcoin Trust ETF,0001588489,FWP,,0000950170-24-034009,https://www.sec.gov/Archives/edgar/data/1588489/000095017024034009/etf_trends_social_3.20.2.htm
2024-03-20,GBTC,Grayscale Bitcoin Trust ETF,0001588489,FWP,,0000950170-24-034011,https://www.sec.gov/Archives/edgar/data/1588489/000095017024034011/etftrends_article_3.20.2.htm
2024-03-21,FBTC,Fidelity Wise Origin Bitcoin Fund,0001852317,10-K,2023-12-31,0000950170-24-034695,https://www.sec.gov/Archives/edgar/data/1852317/000095017024034695/ck0001852317-20231231.htm
2024-03-21,GBTC,Grayscale Bitcoin Trust ETF,0001588489,FWP,,0000950170-24-034294,https://www.sec.gov/Archives/edgar/data/1588489/000095017024034294/bloomberg_ms_3.20.2024.htm
2024-03-22,GBTC,Grayscale Bitcoin Trust ETF,0001588489,FWP,,0000950170-24-035267,https://www.sec.gov/Archives/edgar/data/1588489/000095017024035267/nyse_floor_talk_with_jud.htm
2024-03-22,GBTC,Grayscale Bitcoin Trust ETF,0001588489,PRE 14C,2024-03-22,0001193125-24-074630,https://www.sec.gov/Archives/edgar/data/1588489/000119312524074630/d807233dpre14c.htm
2024-03-26,ARKB,Ark 21Shares Bitcoin ETF,0001869699,10-K,2023-12-31,0001213900-24-026067,https://www.sec.gov/Archives/edgar/data/1869699/000121390024026067/ea0202130-10k_ark21.htm
2024-03-27,BITB,Bitwise Bitcoin ETF,0001763415,10-K,2023-12-31,0000950170-24-037294,https://www.sec.gov/Archives/edgar/data/1763415/000095017024037294/bitb-20231231.htm
2024-03-27,BRRR,CoinShares Bitcoin ETF,0001841175,10-K,2023-12-31,0001999371-24-004051,https://www.sec.gov/Archives/edgar/data/1841175/000199937124004051/brrr-10k_123123.htm
2024-03-28,HODL,VanEck Bitcoin ETF,0001838028,10-K,2023-12-31,0000930413-24-001178,https://www.sec.gov/Archives/edgar/data/1838028/000093041324001178/c107824_10k-ixbrl.htm
2024-03-28,HODL,VanEck Bitcoin ETF,0001838028,424B3,,0000930413-24-001181,https://www.sec.gov/Archives/edgar/data/1838028/000093041324001181/c108552_424b3.htm
2024-03-29,BTCW,WisdomTree Bitcoin Fund,0001850391,10-K,2023-12-31,0001214659-24-005564,https://www.sec.gov/Archives/edgar/data/1850391/000121465924005564/j31924210k.htm
2024-04-02,HODL,VanEck Bitcoin ETF,0001838028,FWP,,0001838028-24-000033,https://www.sec.gov/Archives/edgar/data/1838028/000183802824000033/hodlvaneckbitcointrustfo.htm
2024-04-03,GBTC,Grayscale Bitcoin Trust ETF,0001588489,FWP,,0000950170-24-040962,https://www.sec.gov/Archives/edgar/data/1588489/000095017024040962/krista_webinar_4.03.24.htm
2024-04-04,HODL,VanEck Bitcoin ETF,0001838028,FWP,,0001838028-24-000036,https://www.sec.gov/Archives/edgar/data/1838028/000183802824000036/hodlvaneckbitcointrustst.htm
2024-04-05,BTC,Grayscale Bitcoin Mini Trust ETF,0002015034,UPLOAD,,0000000000-24-003689,https://www.sec.gov/Archives/edgar/data/2015034/000000000024003689/filename1.pdf
2024-04-05,GBTC,Grayscale Bitcoin Trust ETF,0001588489,UPLOAD,,0000000000-24-003686,https://www.sec.gov/Archives/edgar/data/1588489/000000000024003686/filename1.pdf
2024-04-05,IBIT,iShares Bitcoin Trust ETF,0001980994,POS AM,,0001437749-24-011116,https://www.sec.gov/Archives/edgar/data/1980994/000143774924011116/bit20240314_posam.htm
2024-04-09,HODL,VanEck Bitcoin ETF,0001838028,FWP,,0001838028-24-000038,https://www.sec.gov/Archives/edgar/data/1838028/000183802824000038/hodlvaneckbitcointrustfe.htm
2024-04-09,HODL,VanEck Bitcoin ETF,0001838028,FWP,,0001838028-24-000040,https://www.sec.gov/Archives/edgar/data/1838028/000183802824000040/hodlvaneckbitcointrustpr.htm
2024-04-10,HODL,VanEck Bitcoin ETF,0001838028,FWP,,0001838028-24-000042,https://www.sec.gov/Archives/edgar/data/1838028/000183802824000042/hodlvaneckbitcointrusttw.htm
2024-04-11,GBTC,Grayscale Bitcoin Trust ETF,0001588489,FWP,,0000950170-24-043770,https://www.sec.gov/Archives/edgar/data/1588489/000095017024043770/digital_asset_symposium_.htm
2024-04-12,BTC,Grayscale Bitcoin Mini Trust ETF,0002015034,S-1/A,,0001193125-24-094889,https://www.sec.gov/Archives/edgar/data/2015034/000119312524094889/d785023ds1a.htm
2024-04-12,BTC,Grayscale Bitcoin Mini Trust ETF,0002015034,CORRESP,,0001193125-24-094901,https://www.sec.gov/Archives/edgar/data/2015034/000119312524094901/filename1.htm
2024-04-12,GBTC,Grayscale Bitcoin Trust ETF,0001588489,PRER14C,,0001193125-24-094896,https://www.sec.gov/Archives/edgar/data/1588489/000119312524094896/d807233dprer14c.htm
2024-04-12,GBTC,Grayscale Bitcoin Trust ETF,0001588489,CORRESP,,0001193125-24-094909,https://www.sec.gov/Archives/edgar/data/1588489/000119312524094909/filename1.htm
2024-04-15,BRRR,CoinShares Bitcoin ETF,0001841175,424B3,,0001999371-24-004805,https://www.sec.gov/Archives/edgar/data/1841175/000199937124004805/bitcoin-424b3_041524.htm
2024-04-15,BRRR,CoinShares Bitcoin ETF,0001841175,8-K,2024-04-15,0001999371-24-004807,https://www.sec.gov/Archives/edgar/data/1841175/000199937124004807/brrr-8k_041524.htm
2024-04-15,GBTC,Grayscale Bitcoin Trust ETF,0001588489,FWP,,0000950170-24-044172,https://www.sec.gov/Archives/edgar/data/1588489/000095017024044172/gbtc_updated_fact_sheet_.htm
2024-04-16,BTCW,WisdomTree Bitcoin Fund,0001850391,FWP,,0001214659-24-006950,https://www.sec.gov/Archives/edgar/data/1850391/000121465924006950/g416242fwp.htm
2024-04-17,FBTC,Fidelity Wise Origin Bitcoin Fund,0001852317,FWP,,0001193125-24-098887,https://www.sec.gov/Archives/edgar/data/1852317/000119312524098887/d814669dfwp.htm
2024-04-17,GBTC,Grayscale Bitcoin Trust ETF,0001588489,FWP,,0000950170-24-045181,https://www.sec.gov/Archives/edgar/data/1588489/000095017024045181/nyse_digital_assets_4.17.htm
2024-04-17,GBTC,Grayscale Bitcoin Trust ETF,0001588489,FWP,,0000950170-24-045183,https://www.sec.gov/Archives/edgar/data/1588489/000095017024045183/ms_bloomberg_interview_4.htm
2024-04-17,IBIT,iShares Bitcoin Trust ETF,0001980994,EFFECT,,9999999995-24-001000,https://www.sec.gov/Archives/edgar/data/1980994/999999999524001000/xslEFFECTX01/primary_doc.xml
2024-04-18,GBTC,Grayscale Bitcoin Trust ETF,0001588489,FWP,,0000950170-24-045529,https://www.sec.gov/Archives/edgar/data/1588489/000095017024045529/bitcoin_primer_4.16.24.htm
2024-04-18,GBTC,Grayscale Bitcoin Trust ETF,0001588489,FWP,,0000950170-24-045531,https://www.sec.gov/Archives/edgar/data/1588489/000095017024045531/book_of_bitcoin_4.15.24.htm
2024-04-18,GBTC,Grayscale Bitcoin Trust ETF,0001588489,FWP,,0000950170-24-045559,https://www.sec.gov/Archives/edgar/data/1588489/000095017024045559/gbtc_etf.com_4.18.24.htm
2024-04-18,IBIT,iShares Bitcoin Trust ETF,0001980994,424B3,,0001437749-24-012363,https://www.sec.gov/Archives/edgar/data/1980994/000143774924012363/bit20240411_424b3.htm
2024-04-19,GBTC,Grayscale Bitcoin Trust ETF,0001588489,FWP,,0000950170-24-045984,https://www.sec.gov/Archives/edgar/data/1588489/000095017024045984/gbtc_investor_deck_4.19.htm
2024-04-25,GBTC,Grayscale Bitcoin Trust ETF,0001588489,FWP,,0000950170-24-047782,https://www.sec.gov/Archives/edgar/data/1588489/000095017024047782/gbtc_page_04.24.2024.htm
2024-04-26,GBTC,Grayscale Bitcoin Trust ETF,0001588489,FWP,,0000950170-24-048551,https://www.sec.gov/Archives/edgar/data/1588489/000095017024048551/otc_webinar_4.25.24.htm
2024-04-26,GBTC,Grayscale Bitcoin Trust ETF,0001588489,FWP,,0000950170-24-048558,https://www.sec.gov/Archives/edgar/data/1588489/000095017024048558/bitcoin_etfs_and_web3_4.htm
2024-04-26,IBIT,iShares Bitcoin Trust ETF,0001980994,8-K,2024-04-23,0001437749-24-013419,https://www.sec.gov/Archives/edgar/data/1980994/000143774924013419/bit20240426_8k.htm
2024-05-01,BTC,Grayscale Bitcoin Mini Trust ETF,0002015034,UPLOAD,,0000000000-24-004887,https://www.sec.gov/Archives/edgar/data/2015034/000000000024004887/filename1.pdf
2024-05-01,GBTC,Grayscale Bitcoin Trust ETF,0001588489,UPLOAD,,0000000000-24-004888,https://www.sec.gov/Archives/edgar/data/1588489/000000000024004888/filename1.pdf
2024-05-03,GBTC,Grayscale Bitcoin Trust ETF,0001588489,10-Q,2024-03-31,0001193125-24-130893,https://www.sec.gov/Archives/edgar/data/1588489/000119312524130893/d817613d10q.htm
2024-05-07,GBTC,Grayscale Bitcoin Trust ETF,0001588489,8-K,2024-05-07,0000950170-24-054580,https://www.sec.gov/Archives/edgar/data/1588489/000095017024054580/gbtc-20240507.htm
2024-05-08,BTC,Grayscale Bitcoin Mini Trust ETF,0002015034,S-1/A,,0001193125-24-134383,https://www.sec.gov/Archives/edgar/data/2015034/000119312524134383/d785023ds1a.htm
2024-05-08,BTC,Grayscale Bitcoin Mini Trust ETF,0002015034,CORRESP,,0001193125-24-134385,https://www.sec.gov/Archives/edgar/data/2015034/000119312524134385/filename1.htm
2024-05-08,IBIT,iShares Bitcoin Trust ETF,0001980994,10-Q,2024-03-31,0001437749-24-015392,https://www.sec.gov/Archives/edgar/data/1980994/000143774924015392/bit20240331c_10q.htm
2024-05-09,ARKB,Ark 21Shares Bitcoin ETF,0001869699,POS AM,,0001213900-24-041344,https://www.sec.gov/Archives/edgar/data/1869699/000121390024041344/ea0205576-01.htm
2024-05-09,FBTC,Fidelity Wise Origin Bitcoin Fund,0001852317,10-Q,2024-03-31,0000950170-24-056545,https://www.sec.gov/Archives/edgar/data/1852317/000095017024056545/ck0001852317-20240331.htm
2024-05-10,BTCW,WisdomTree Bitcoin Fund,0001850391,SC 13G,,0001390777-24-000080,https://www.sec.gov/Archives/edgar/data/1850391/000139077724000080/wisdomtree13G_Filing.txt
2024-05-10,GBTC,Grayscale Bitcoin Trust ETF,0001588489,PRER14C,,0001193125-24-135672,https://www.sec.gov/Archives/edgar/data/1588489/000119312524135672/d807233dprer14c.htm
2024-05-10,GBTC,Grayscale Bitcoin Trust ETF,0001588489,CORRESP,,0001193125-24-135678,https://www.sec.gov/Archives/edgar/data/1588489/000119312524135678/filename1.htm
2024-05-13,ARKB,Ark 21Shares Bitcoin ETF,0001869699,10-Q,2024-03-31,0001213900-24-042279,https://www.sec.gov/Archives/edgar/data/1869699/000121390024042279/ea0205046-10q_ark21.htm
2024-05-13,ARKB,Ark 21Shares Bitcoin ETF,0001869699,424B3,,0001213900-24-042402,https://www.sec.gov/Archives/edgar/data/1869699/000121390024042402/ea0205914-424b3_arkb.htm
2024-05-13,BITB,Bitwise Bitcoin ETF,0001763415,10-Q,2024-03-31,0000950170-24-058601,https://www.sec.gov/Archives/edgar/data/1763415/000095017024058601/bitb-20240331.htm
2024-05-13,HODL,VanEck Bitcoin ETF,0001838028,10-Q,2024-03-31,0000930413-24-001788,https://www.sec.gov/Archives/edgar/data/1838028/000093041324001788/c109027_10q-ixbrl.htm
2024-05-14,BRRR,CoinShares Bitcoin ETF,0001841175,10-Q,2024-03-31,0001999371-24-006073,https://www.sec.gov/Archives/edgar/data/1841175/000199937124006073/brrr-10q_033124.htm
2024-05-14,BTCO,Invesco Galaxy Bitcoin ETF,0001855781,10-Q,2024-03-31,0000950170-24-058997,https://www.sec.gov/Archives/edgar/data/1855781/000095017024058997/btco-20240331.htm
2024-05-14,BTCO,Invesco Galaxy Bitcoin ETF,0001855781,424B3,,0001193125-24-138126,https://www.sec.gov/Archives/edgar/data/1855781/000119312524138126/d826022d424b3.htm
2024-05-14,BTCW,WisdomTree Bitcoin Fund,0001850391,10-Q,2024-03-31,0001214659-24-009088,https://www.sec.gov/Archives/edgar/data/1850391/000121465924009088/wtb5924010q.htm
2024-05-17,BTCW,WisdomTree Bitcoin Fund,0001850391,424B3,,0001214659-24-009483,https://www.sec.gov/Archives/edgar/data/1850391/000121465924009483/x516240424b3.htm
2024-05-20,GBTC,Grayscale Bitcoin Trust ETF,0001588489,8-K,2024-05-20,0000950103-24-006873,https://www.sec.gov/Archives/edgar/data/1588489/000095010324006873/dp211407_8k-gbtc.htm
2024-05-22,ARKB,Ark 21Shares Bitcoin ETF,0001869699,424B3,,0001213900-24-045915,https://www.sec.gov/Archives/edgar/data/1869699/000121390024045915/ea0205576-02.htm
2024-05-22,ARKB,Ark 21Shares Bitcoin ETF,0001869699,EFFECT,,9999999995-24-001611,https://www.sec.gov/Archives/edgar/data/1869699/999999999524001611/xslEFFECTX01/primary_doc.xml
2024-05-22,GBTC,Grayscale Bitcoin Trust ETF,0001588489,FWP,,0000950170-24-063545,https://www.sec.gov/Archives/edgar/data/1588489/000095017024063545/gbtc_page_05.22.2024.htm
2024-05-31,GBTC,Grayscale Bitcoin Trust ETF,0001588489,FWP,,0000950170-24-066863,https://www.sec.gov/Archives/edgar/data/1588489/000095017024066863/consensus_craig_5.30.202.htm
2024-06-07,EZBC,Franklin Templeton Digital Holdings Trust,0001992870,FWP,,0001137439-24-001060,https://www.sec.gov/Archives/edgar/data/1992870/000113743924001060/ftdhtfwp06062024.htm
2024-06-07,HODL,VanEck Bitcoin ETF,0001838028,8-K,2024-06-07,0000930413-24-001843,https://www.sec.gov/Archives/edgar/data/1838028/000093041324001843/c109103_8k-ixbrl.htm
2024-06-07,HODL,VanEck Bitcoin ETF,0001838028,424B3,,0000930413-24-001844,https://www.sec.gov/Archives/edgar/data/1838028/000093041324001844/c109104_424b3.htm
2024-06-11,EZBC,Franklin Templeton Digital Holdings Trust,0001992870,FWP,,0001137439-24-001065,https://www.sec.gov/Archives/edgar/data/1992870/000113743924001065/ftdhtfwp06062024.htm
2024-06-13,HODL,VanEck Bitcoin ETF,0001838028,FWP,,0001838028-24-000044,https://www.sec.gov/Archives/edgar/data/1838028/000183802824000044/hodlvaneckbitcointrusttv.htm
2024-06-13,IBIT,iShares Bitcoin Trust ETF,0001980994,424B3,,0001437749-24-020207,https://www.sec.gov/Archives/edgar/data/1980994/000143774924020207/bit20240606_424b3.htm
2024-06-14,BRRR,CoinShares Bitcoin ETF,0001841175,424B3,,0001999371-24-007462,https://www.sec.gov/Archives/edgar/data/1841175/000199937124007462/brrr_424b3-061424.htm
2024-06-14,BRRR,CoinShares Bitcoin ETF,0001841175,8-K,2024-06-14,0001999371-24-007464,https://www.sec.gov/Archives/edgar/data/1841175/000199937124007464/brrr-8k_061424.htm
2024-06-14,BRRR,CoinShares Bitcoin ETF,0001841175,POS EX,,0001999371-24-007465,https://www.sec.gov/Archives/edgar/data/1841175/000199937124007465/bitcoin-posex_061424.htm
2024-06-20,HODL,VanEck Bitcoin ETF,0001838028,FWP,,0001838028-24-000046,https://www.sec.gov/Archives/edgar/data/1838028/000183802824000046/hodlvaneckbitcointrustco.htm
2024-06-25,EZBC,Franklin Templeton Digital Holdings Trust,0001992870,424I,,0001680359-24-000160,https://www.sec.gov/Archives/edgar/data/1992870/000168035924000160/ftdht424i062024.htm
2024-06-26,HODL,VanEck Bitcoin ETF,0001838028,8-K,2024-06-20,0001628280-24-030157,https://www.sec.gov/Archives/edgar/data/1838028/000162828024030157/hodl-20240620.htm
2024-06-27,GBTC,Grayscale Bitcoin Trust ETF,0001588489,FWP,,0000950170-24-078325,https://www.sec.gov/Archives/edgar/data/1588489/000095017024078325/token_terminal_podcast_0.htm
2024-06-28,HODL,VanEck Bitcoin ETF,0001838028,424B3,,0001628280-24-030457,https://www.sec.gov/Archives/edgar/data/1838028/000162828024030457/vaneckbitcointrust-424b3.htm
2024-07-01,EZBC,Franklin Templeton Digital Holdings Trust,0001992870,10-K,2024-03-31,0001193125-24-173040,https://www.sec.gov/Archives/edgar/data/1992870/000119312524173040/d772184d10k.htm
2024-07-03,FBTC,Fidelity Wise Origin Bitcoin Fund,0001852317,POS AM,,0001193125-24-174965,https://www.sec.gov/Archives/edgar/data/1852317/000119312524174965/d834785dposam.htm
2024-07-05,EZBC,Franklin Templeton Digital Holdings Trust,0001992870,FWP,,0001992870-24-000004,https://www.sec.gov/Archives/edgar/data/1992870/000199287024000004/ezbcfranklinbitcoin.htm
2024-07-09,GBTC,Grayscale Bitcoin Trust ETF,0001588489,FWP,,0000950170-24-082472,https://www.sec.gov/Archives/edgar/data/1588489/000095017024082472/audacy_kdwn-am_07.07.24.htm
2024-07-12,EZBC,Franklin Templeton Digital Holdings Trust,0001992870,424B3,,0001680359-24-000184,https://www.sec.gov/Archives/edgar/data/1992870/000168035924000184/ezbc424b07122024.htm
2024-07-19,GBTC,Grayscale Bitcoin Trust ETF,0001588489,8-K,2024-07-19,0000950170-24-084769,https://www.sec.gov/Archives/edgar/data/1588489/000095017024084769/gbtc-20240719.htm
2024-07-23,GBTC,Grayscale Bitcoin Trust ETF,0001588489,FWP,,0000950170-24-085420,https://www.sec.gov/Archives/edgar/data/1588489/000095017024085420/all_etfs_page_7.22.2024.htm
2024-07-24,BTC,Grayscale Bitcoin Mini Trust ETF,0002015034,S-1/A,,0001193125-24-183099,https://www.sec.gov/Archives/edgar/data/2015034/000119312524183099/d785023ds1a.htm
2024-07-24,GBTC,Grayscale Bitcoin Trust ETF,0001588489,PRER14C,,0001193125-24-183095,https://www.sec.gov/Archives/edgar/data/1588489/000119312524183095/d807233dprer14c.htm
2024-07-26,IBIT,iShares Bitcoin Trust ETF,0001980994,8-K,2024-07-26,0001437749-24-023611,https://www.sec.gov/Archives/edgar/data/1980994/000143774924023611/bit20240726_8k.htm
2024-07-29,BTC,Grayscale Bitcoin Mini Trust ETF,0002015034,S-1/A,,0001193125-24-186494,https://www.sec.gov/Archives/edgar/data/2015034/000119312524186494/d785023ds1a.htm
2024-07-29,BTC,Grayscale Bitcoin Mini Trust ETF,0002015034,CORRESP,,0001193125-24-187593,https://www.sec.gov/Archives/edgar/data/2015034/000119312524187593/filename1.htm
2024-07-29,BTC,Grayscale Bitcoin Mini Trust ETF,0002015034,8-A12B,,0001193125-24-187600,https://www.sec.gov/Archives/edgar/data/2015034/000119312524187600/d813755d8a12b.htm
2024-07-29,GBTC,Grayscale Bitcoin Trust ETF,0001588489,UPLOAD,,0000000000-24-008628,https://www.sec.gov/Archives/edgar/data/1588489/000000000024008628/filename1.pdf
2024-07-29,GBTC,Grayscale Bitcoin Trust ETF,0001588489,PRER14C,,0001193125-24-186496,https://www.sec.gov/Archives/edgar/data/1588489/000119312524186496/d807233dprer14c.htm
2024-07-30,BTC,Grayscale Bitcoin Mini Trust ETF,0002015034,CERT,,0001143362-24-000238,https://www.sec.gov/Archives/edgar/data/2015034/000114336224000238/BTC073024.pdf
2024-07-30,BTC,Grayscale Bitcoin Mini Trust ETF,0002015034,424B3,,0001193125-24-188943,https://www.sec.gov/Archives/edgar/data/2015034/000119312524188943/d785023d424b3.htm
2024-07-30,BTC,Grayscale Bitcoin Mini Trust ETF,0002015034,EFFECT,,9999999995-24-002316,https://www.sec.gov/Archives/edgar/data/2015034/999999999524002316/xslEFFECTX01/primary_doc.xml
2024-07-30,GBTC,Grayscale Bitcoin Trust ETF,0001588489,8-K,2024-07-29,0000950170-24-087527,https://www.sec.gov/Archives/edgar/data/1588489/000095017024087527/gbtc-20240729.htm
2024-07-30,GBTC,Grayscale Bitcoin Trust ETF,0001588489,DEF 14C,2024-07-30,0001193125-24-187890,https://www.sec.gov/Archives/edgar/data/1588489/000119312524187890/d807233ddef14c.htm
2024-07-31,EZBC,Franklin Templeton Digital Holdings Trust,0001992870,FWP,,0002011535-24-000034,https://www.sec.gov/Archives/edgar/data/1992870/000201153524000034/screencapture-etfparenting.htm
2024-08-01,EZBC,Franklin Templeton Digital Holdings Trust,0001992870,FWP,,0002011535-24-000038,https://www.sec.gov/Archives/edgar/data/1992870/000201153524000038/finra-20240730_ezet.htm
2024-08-01,FBTC,Fidelity Wise Origin Bitcoin Fund,0001852317,POS AM,,0001193125-24-191602,https://www.sec.gov/Archives/edgar/data/1852317/000119312524191602/d834785dposam.htm
2024-08-01,FBTC,Fidelity Wise Origin Bitcoin Fund,0001852317,CORRESP,,0001193125-24-191609,https://www.sec.gov/Archives/edgar/data/1852317/000119312524191609/filename1.htm
2024-08-01,GBTC,Grayscale Bitcoin Trust ETF,0001588489,8-K,2024-07-31,0000950170-24-089327,https://www.sec.gov/Archives/edgar/data/1588489/000095017024089327/gbtc-20240731.htm
2024-08-01,GBTC,Grayscale Bitcoin Trust ETF,0001588489,FWP,,0000950170-24-089411,https://www.sec.gov/Archives/edgar/data/1588489/000095017024089411/pandl-_cnbc_7.31.24.htm
2024-08-02,BTCO,Invesco Galaxy Bitcoin ETF,0001855781,8-K,2024-07-29,0001193125-24-192957,https://www.sec.gov/Archives/edgar/data/1855781/000119312524192957/d829968d8k.htm
2024-08-02,BTCO,Invesco Galaxy Bitcoin ETF,0001855781,424B3,,0001193125-24-192988,https://www.sec.gov/Archives/edgar/data/1855781/000119312524192988/d841970d424b3.htm
2024-08-02,GBTC,Grayscale Bitcoin Trust ETF,0001588489,10-Q,2024-06-30,0000950170-24-089612,https://www.sec.gov/Archives/edgar/data/1588489/000095017024089612/gbtc-20240630.htm
2024-08-05,FBTC,Fidelity Wise Origin Bitcoin Fund,0001852317,CORRESP,,0001193125-24-194014,https://www.sec.gov/Archives/edgar/data/1852317/000119312524194014/filename1.htm
2024-08-06,FBTC,Fidelity Wise Origin Bitcoin Fund,0001852317,EFFECT,,9999999995-24-002420,https://www.sec.gov/Archives/edgar/data/1852317/999999999524002420/xslEFFECTX01/primary_doc.xml
2024-08-07,BTCO,Invesco Galaxy Bitcoin ETF,0001855781,10-Q,2024-06-30,0000950170-24-092094,https://www.sec.gov/Archives/edgar/data/1855781/000095017024092094/btco-20240630.htm
2024-08-07,BTCO,Invesco Galaxy Bitcoin ETF,0001855781,424B3,,0001193125-24-195818,https://www.sec.gov/Archives/edgar/data/1855781/000119312524195818/d844007d424b3.htm
2024-08-07,FBTC,Fidelity Wise Origin Bitcoin Fund,0001852317,424B3,,0001193125-24-195021,https://www.sec.gov/Archives/edgar/data/1852317/000119312524195021/d834785d424b3.htm
2024-08-08,BITB,Bitwise Bitcoin ETF,0001763415,10-Q,2024-06-30,0000950170-24-093606,https://www.sec.gov/Archives/edgar/data/1763415/000095017024093606/bitb-20240630.htm
2024-08-08,IBIT,iShares Bitcoin Trust ETF,0001980994,424B3,,0001437749-24-025254,https://www.sec.gov/Archives/edgar/data/1980994/000143774924025254/bit20240805_424b3.htm
2024-08-08,IBIT,iShares Bitcoin Trust ETF,0001980994,10-Q,2024-06-30,0001437749-24-025406,https://www.sec.gov/Archives/edgar/data/1980994/000143774924025406/bit20240630c_10q.htm
2024-08-09,ARKB,Ark 21Shares Bitcoin ETF,0001869699,10-Q,2024-06-30,0001213900-24-067165,https://www.sec.gov/Archives/edgar/data/1869699/000121390024067165/ea0210313-10q_ark21.htm
2024-08-09,BRRR,CoinShares Bitcoin ETF,0001841175,10-Q,2024-06-30,0001999371-24-009824,https://www.sec.gov/Archives/edgar/data/1841175/000199937124009824/brrr-10q_063024.htm
2024-08-09,FBTC,Fidelity Wise Origin Bitcoin Fund,0001852317,10-Q,2024-06-30,0000950170-24-094562,https://www.sec.gov/Archives/edgar/data/1852317/000095017024094562/ck0001852317-20240630.htm
2024-08-12,GBTC,Grayscale Bitcoin Trust ETF,0001588489,FWP,,0000950170-24-095366,https://www.sec.gov/Archives/edgar/data/1588489/000095017024095366/etf_bild_project_8.12.20.htm
2024-08-13,HODL,VanEck Bitcoin ETF,0001838028,10-Q,2024-06-30,0000930413-24-002308,https://www.sec.gov/Archives/edgar/data/1838028/000093041324002308/c109601_10q-ixbrl.htm
2024-08-14,BTCW,WisdomTree Bitcoin Fund,0001850391,10-Q,2024-06-30,0001214659-24-014735,https://www.sec.gov/Archives/edgar/data/1850391/000121465924014735/wtb81224710q.htm
2024-08-14,EZBC,Franklin Templeton Digital Holdings Trust,0001992870,10-Q,2024-06-30,0001193125-24-200698,https://www.sec.gov/Archives/edgar/data/1992870/000119312524200698/d862503d10q.htm
2024-08-20,HODL,VanEck Bitcoin ETF,0001838028,8-K,2024-08-16,0001838028-24-000053,https://www.sec.gov/Archives/edgar/data/1838028/000183802824000053/hodl-20240816.htm
2024-08-20,HODL,VanEck Bitcoin ETF,0001838028,424B3,,0001838028-24-000054,https://www.sec.gov/Archives/edgar/data/1838028/000183802824000054/vaneckbitcointrust-424b3xn.htm
2024-08-23,BRRR,CoinShares Bitcoin ETF,0001841175,8-K,2024-08-23,0001999371-24-010598,https://www.sec.gov/Archives/edgar/data/1841175/000199937124010598/brrr-8k_082324.htm
2024-08-23,BRRR,CoinShares Bitcoin ETF,0001841175,424B3,,0001999371-24-010601,https://www.sec.gov/Archives/edgar/data/1841175/000199937124010601/coinshares-424b3_082324.htm
2024-08-28,BRRR,CoinShares Bitcoin ETF,0001841175,8-K,2024-08-28,0001999371-24-010897,https://www.sec.gov/Archives/edgar/data/1841175/000199937124010897/coinshares_8k-82824.htm
2024-08-28,BRRR,CoinShares Bitcoin ETF,0001841175,424B3,,0001999371-24-010899,https://www.sec.gov/Archives/edgar/data/1841175/000199937124010899/coinshares_424b3-82824.htm
2024-08-30,BITB,Bitwise Bitcoin ETF,0001763415,8-K,2024-08-27,0000950170-24-102165,https://www.sec.gov/Archives/edgar/data/1763415/000095017024102165/bitb-20240827.htm
2024-08-30,BTC,Grayscale Bitcoin Mini Trust ETF,0002015034,10-Q,2024-06-30,0000950170-24-102091,https://www.sec.gov/Archives/edgar/data/2015034/000095017024102091/btc-20240630.htm
2024-08-30,BTCW,WisdomTree Bitcoin Fund,0001850391,424B3,,0001214659-24-015686,https://www.sec.gov/Archives/edgar/data/1850391/000121465924015686/z829243424b3.htm
2024-09-09,HODL,VanEck Bitcoin ETF,0001838028,FWP,,0001838028-24-000059,https://www.sec.gov/Archives/edgar/data/1838028/000183802824000059/hodlvaneckbitcoinetfooha.htm
2024-09-10,BTCW,WisdomTree Bitcoin Fund,0001850391,SC 13G/A,,0001390777-24-000112,https://www.sec.gov/Archives/edgar/data/1850391/000139077724000112/wisdomtree13G_Filing_A.txt
2024-09-12,ARKB,Ark 21Shares Bitcoin ETF,0001869699,8-K,2024-09-12,0001213900-24-077941,https://www.sec.gov/Archives/edgar/data/1869699/000121390024077941/ea0213674-8k_ark21.htm
2024-09-12,GBTC,Grayscale Bitcoin Trust ETF,0001588489,FWP,,0000950170-24-105602,https://www.sec.gov/Archives/edgar/data/1588489/000095017024105602/hoffman_ria_channel_09.1.htm
2024-09-19,IBIT,iShares Bitcoin Trust ETF,0001980994,8-K,2024-09-16,0001437749-24-029619,https://www.sec.gov/Archives/edgar/data/1980994/000143774924029619/bit20240918_8k.htm
2024-09-25,GBTC,Grayscale Bitcoin Trust ETF,0001588489,FWP,,0000950170-24-109367,https://www.sec.gov/Archives/edgar/data/1588489/000095017024109367/gbtc_thread.htm
2024-09-26,GBTC,Grayscale Bitcoin Trust ETF,0001588489,FWP,,0000950170-24-109405,https://www.sec.gov/Archives/edgar/data/1588489/000095017024109405/investor_deck_9.25.24.htm
2024-09-27,IBIT,iShares Bitcoin Trust ETF,0001980994,FWP,,0001437749-24-030194,https://www.sec.gov/Archives/edgar/data/1980994/000143774924030194/bit20240925_fwp.htm
2024-10-01,BRRR,CoinShares Bitcoin ETF,0001841175,8-K,2024-10-01,0001999371-24-012737,https://www.sec.gov/Archives/edgar/data/1841175/000199937124012737/brrr-8k_100124.htm
2024-10-01,FBTC,Fidelity Wise Origin Bitcoin Fund,0001852317,FWP,,0001193125-24-229163,https://www.sec.gov/Archives/edgar/data/1852317/000119312524229163/d832047dfwp.htm
2024-10-04,BRRR,CoinShares Bitcoin ETF,0001841175,POS AM,,0001999371-24-013008,https://www.sec.gov/Archives/edgar/data/1841175/000199937124013008/brrr-posam.htm
2024-10-08,BITB,Bitwise Bitcoin ETF,0001763415,S-1,,0001999371-24-013150,https://www.sec.gov/Archives/edgar/data/1763415/000199937124013150/bitwise-s1_100824.htm
2024-10-17,GBTC,Grayscale Bitcoin Trust ETF,0001588489,FWP,,0000950170-24-115401,https://www.sec.gov/Archives/edgar/data/1588489/000095017024115401/home_office_deck.htm
2024-10-22,GBTC,Grayscale Bitcoin Trust ETF,0001588489,FWP,,0000950170-24-116338,https://www.sec.gov/Archives/edgar/data/1588489/000095017024116338/options_social_posts_10.htm
2024-10-23,GBTC,Grayscale Bitcoin Trust ETF,0001588489,FWP,,0000950170-24-116715,https://www.sec.gov/Archives/edgar/data/1588489/000095017024116715/krista_etf_panel_10.21.2.htm
2024-10-24,BRRR,CoinShares Bitcoin ETF,0001841175,UPLOAD,,0000000000-24-011880,https://www.sec.gov/Archives/edgar/data/1841175/000000000024011880/filename1.pdf
2024-10-24,BTC,Grayscale Bitcoin Mini Trust ETF,0002015034,8-K,2024-10-24,0000950170-24-117108,https://www.sec.gov/Archives/edgar/data/2015034/000095017024117108/btc-20241024.htm
2024-10-24,GBTC,Grayscale Bitcoin Trust ETF,0001588489,8-K,2024-10-24,0000950170-24-117109,https://www.sec.gov/Archives/edgar/data/1588489/000095017024117109/gbtc-20241024.htm
2024-10-29,BRRR,CoinShares Bitcoin ETF,0001841175,CORRESP,,0001999371-24-014069,https://www.sec.gov/Archives/edgar/data/1841175/000199937124014069/filename1.htm
2024-10-29,BRRR,CoinShares Bitcoin ETF,0001841175,POS AM,,0001999371-24-014071,https://www.sec.gov/Archives/edgar/data/1841175/000199937124014071/brrr-posam.htm
2024-10-31,BTC,Grayscale Bitcoin Mini Trust ETF,0002015034,8-K,2024-10-27,0000950170-24-119506,https://www.sec.gov/Archives/edgar/data/2015034/000095017024119506/btc-20241027.htm
2024-10-31,GBTC,Grayscale Bitcoin Trust ETF,0001588489,8-K,2024-10-27,0000950170-24-119507,https://www.sec.gov/Archives/edgar/data/1588489/000095017024119507/gbtc-20241027.htm
2024-11-01,BTC,Grayscale Bitcoin Mini Trust ETF,0002015034,10-Q,2024-09-30,0000950170-24-120123,https://www.sec.gov/Archives/edgar/data/2015034/000095017024120123/btc-20240930.htm
2024-11-01,GBTC,Grayscale Bitcoin Trust ETF,0001588489,10-Q,2024-09-30,0000950170-24-120125,https://www.sec.gov/Archives/edgar/data/1588489/000095017024120125/gbtc-20240930.htm
2024-11-04,BTC,Grayscale Bitcoin Mini Trust ETF,0002015034,8-K,2024-11-04,0000950170-24-120662,https://www.sec.gov/Archives/edgar/data/2015034/000095017024120662/btc-20241104.htm
2024-11-04,BTC,Grayscale Bitcoin Mini Trust ETF,0002015034,424B3,,0001193125-24-250639,https://www.sec.gov/Archives/edgar/data/2015034/000119312524250639/d889085d424b3.htm
2024-11-04,GBTC,Grayscale Bitcoin Trust ETF,0001588489,FWP,,0000950170-24-120183,https://www.sec.gov/Archives/edgar/data/1588489/000095017024120183/wolf_web3_twitter_space1.htm
2024-11-04,GBTC,Grayscale Bitcoin Trust ETF,0001588489,8-K,2024-11-04,0000950170-24-120660,https://www.sec.gov/Archives/edgar/data/1588489/000095017024120660/gbtc-20241104.htm
2024-11-04,GBTC,Grayscale Bitcoin Trust ETF,0001588489,FWP,,0000950170-24-120838,https://www.sec.gov/Archives/edgar/data/1588489/000095017024120838/all_etps_page_11.04.2024.htm
2024-11-05,BRRR,CoinShares Bitcoin ETF,0001841175,UPLOAD,,0000000000-24-012272,https://www.sec.gov/Archives/edgar/data/1841175/000000000024012272/filename1.pdf
2024-11-05,GBTC,Grayscale Bitcoin Trust ETF,0001588489,FWP,,0000950170-24-121017,https://www.sec.gov/Archives/edgar/data/1588489/000095017024121017/gbtc_webpage_11.04.2024.htm
2024-11-06,GBTC,Grayscale Bitcoin Trust ETF,0001588489,FWP,,0000950170-24-121764,https://www.sec.gov/Archives/edgar/data/1588489/000095017024121764/gbtc_fact_sheet_11.04.20.htm
2024-11-06,GBTC,Grayscale Bitcoin Trust ETF,0001588489,FWP,,0000950170-24-121815,https://www.sec.gov/Archives/edgar/data/1588489/000095017024121815/all_products_summary_11.htm
2024-11-06,GBTC,Grayscale Bitcoin Trust ETF,0001588489,FWP,,0000950170-24-122028,https://www.sec.gov/Archives/edgar/data/1588489/000095017024122028/updated_investor_deck_11.htm
2024-11-07,BTCO,Invesco Galaxy Bitcoin ETF,0001855781,10-Q,2024-09-30,0000950170-24-122604,https://www.sec.gov/Archives/edgar/data/1855781/000095017024122604/btco-20240930.htm
2024-11-07,BTCO,Invesco Galaxy Bitcoin ETF,0001855781,424B3,,0001193125-24-252760,https://www.sec.gov/Archives/edgar/data/1855781/000119312524252760/d886299d424b3.htm
2024-11-07,GBTC,Grayscale Bitcoin Trust ETF,0001588489,FWP,,0000950170-24-123532,https://www.sec.gov/Archives/edgar/data/1588489/000095017024123532/thinking_crypto_11.07.20.htm
2024-11-07,IBIT,iShares Bitcoin Trust ETF,0001980994,10-Q,2024-09-30,0001437749-24-033812,https://www.sec.gov/Archives/edgar/data/1980994/000143774924033812/bit20240930c_10q.htm
2024-11-08,BITB,Bitwise Bitcoin ETF,0001763415,10-Q,2024-09-30,0000950170-24-124134,https://www.sec.gov/Archives/edgar/data/1763415/000095017024124134/bitb-20240930.htm
2024-11-08,BITB,Bitwise Bitcoin ETF,0001763415,POS AM,,0001213900-24-095688,https://www.sec.gov/Archives/edgar/data/1763415/000121390024095688/ea0220089-posama2_bitwise.htm
2024-11-08,BTC,Grayscale Bitcoin Mini Trust ETF,0002015034,8-K,2024-11-08,0000950170-24-124108,https://www.sec.gov/Archives/edgar/data/2015034/000095017024124108/btc-20241108.htm
2024-11-12,ARKB,Ark 21Shares Bitcoin ETF,0001869699,10-Q,2024-09-30,0001213900-24-096769,https://www.sec.gov/Archives/edgar/data/1869699/000121390024096769/ea0219494-10q_ark21.htm
2024-11-12,BRRR,CoinShares Bitcoin ETF,0001841175,10-Q,2024-09-30,0001999371-24-014542,https://www.sec.gov/Archives/edgar/data/1841175/000199937124014542/brrr-10q_093024.htm
2024-11-12,EZBC,Franklin Templeton Digital Holdings Trust,0001992870,10-Q,2024-09-30,0001193125-24-255750,https://www.sec.gov/Archives/edgar/data/1992870/000119312524255750/d838955d10q.htm
2024-11-12,HODL,VanEck Bitcoin ETF,0001838028,10-Q,2024-09-30,0000930413-24-003119,https://www.sec.gov/Archives/edgar/data/1838028/000093041324003119/c110433_10q-ixbrl.htm
2024-11-13,BTCW,WisdomTree Bitcoin Fund,0001850391,10-Q,2024-09-30,0001214659-24-018784,https://www.sec.gov/Archives/edgar/data/1850391/000121465924018784/wtb11724010q.htm
2024-11-13,BTCW,WisdomTree Bitcoin Fund,0001850391,424B3,,0001214659-24-018886,https://www.sec.gov/Archives/edgar/data/1850391/000121465924018886/p11132410424b3.htm
2024-11-13,FBTC,Fidelity Wise Origin Bitcoin Fund,0001852317,10-Q,2024-09-30,0000950170-24-126256,https://www.sec.gov/Archives/edgar/data/1852317/000095017024126256/ck0001852317-20240930.htm
2024-11-14,BRRR,CoinShares Bitcoin ETF,0001841175,CORRESP,,0001839882-24-039290,https://www.sec.gov/Archives/edgar/data/1841175/000183988224039290/filename1.htm
2024-11-14,BRRR,CoinShares Bitcoin ETF,0001841175,POS AM,,0001839882-24-039296,https://www.sec.gov/Archives/edgar/data/1841175/000183988224039296/brrr-posam_111424.htm
2024-11-19,BRRR,CoinShares Bitcoin ETF,0001841175,424B3,,0001839882-24-040057,https://www.sec.gov/Archives/edgar/data/1841175/000183988224040057/coinshares-424b3_111924.htm
2024-11-19,BRRR,CoinShares Bitcoin ETF,0001841175,EFFECT,,9999999995-24-003511,https://www.sec.gov/Archives/edgar/data/1841175/999999999524003511/xslEFFECTX01/primary_doc.xml
2024-11-19,GBTC,Grayscale Bitcoin Trust ETF,0001588489,FWP,,0000950170-24-128764,https://www.sec.gov/Archives/edgar/data/1588489/000095017024128764/options_social_posts_11.htm
2024-11-20,BITB,Bitwise Bitcoin ETF,0001763415,424B3,,0001213900-24-100387,https://www.sec.gov/Archives/edgar/data/1763415/000121390024100387/ea0221536-424b3_bitwise.htm
2024-11-20,BITB,Bitwise Bitcoin ETF,0001763415,EFFECT,,9999999995-24-003521,https://www.sec.gov/Archives/edgar/data/1763415/999999999524003521/xslEFFECTX01/primary_doc.xml
2024-11-20,BTC,Grayscale Bitcoin Mini Trust ETF,0002015034,8-K,2024-11-19,0000950170-24-129217,https://www.sec.gov/Archives/edgar/data/2015034/000095017024129217/btc-20241119.htm
2024-11-20,BTC,Grayscale Bitcoin Mini Trust ETF,0002015034,424B3,,0001193125-24-262565,https://www.sec.gov/Archives/edgar/data/2015034/000119312524262565/d800858d424b3.htm
2024-11-20,GBTC,Grayscale Bitcoin Trust ETF,0001588489,FWP,,0000950170-24-128946,https://www.sec.gov/Archives/edgar/data/1588489/000095017024128946/spot_bitcoin_options_11.htm
2024-11-21,GBTC,Grayscale Bitcoin Trust ETF,0001588489,FWP,,0000950170-24-129411,https://www.sec.gov/Archives/edgar/data/1588489/000095017024129411/gbtc_options_posts_11.20.htm
2024-11-21,GBTC,Grayscale Bitcoin Trust ETF,0001588489,FWP,,0000950170-24-129560,https://www.sec.gov/Archives/edgar/data/1588489/000095017024129560/ceo_options_posts_11.20.htm
2024-11-25,HODL,VanEck Bitcoin ETF,0001838028,424B3,,0001838028-24-000061,https://www.sec.gov/Archives/edgar/data/1838028/000183802824000061/vaneckbitcointrust-424b3xf.htm
2024-11-26,BITB,Bitwise Bitcoin ETF,0001763415,S-1/A,,0001213900-24-102302,https://www.sec.gov/Archives/edgar/data/1763415/000121390024102302/ea0222164-s1a1_bitwise.htm
2024-11-26,BTCW,WisdomTree Bitcoin Fund,0001850391,8-K,2024-11-20,0001214659-24-019600,https://www.sec.gov/Archives/edgar/data/1850391/000121465924019600/u11252408k.htm
2024-11-29,BTCW,WisdomTree Bitcoin Fund,0001850391,424B3,,0001214659-24-019698,https://www.sec.gov/Archives/edgar/data/1850391/000121465924019698/u1127240424b3.htm
2024-12-06,BRRR,CoinShares Bitcoin ETF,0001841175,424B3,,0001839882-24-044135,https://www.sec.gov/Archives/edgar/data/1841175/000183988224044135/coinshares-424b3_120624.htm
2024-12-06,EZBC,Franklin Templeton Digital Holdings Trust,0001992870,FWP,,0001992870-24-000008,https://www.sec.gov/Archives/edgar/data/1992870/000199287024000008/fwp-ezbc_120624.htm
2024-12-10,IBIT,iShares Bitcoin Trust ETF,0001980994,FWP,,0001437749-24-037076,https://www.sec.gov/Archives/edgar/data/1980994/000143774924037076/bit20241210_fwp.htm
2024-12-20,FBTC,Fidelity Wise Origin Bitcoin Fund,0001852317,D,,0000950123-24-012323,https://www.sec.gov/Archives/edgar/data/1852317/000095012324012323/xslFormDX01/primary_doc.xml
2025-01-03,BTC,Grayscale Bitcoin Mini Trust ETF,0002015034,8-K,2025-01-01,0000950170-25-001112,https://www.sec.gov/Archives/edgar/data/2015034/000095017025001112/btc-20250101.htm
2025-01-03,BTC,Grayscale Bitcoin Mini Trust ETF,0002015034,424B3,,0001193125-25-001519,https://www.sec.gov/Archives/edgar/data/2015034/000119312525001519/d921819d424b3.htm
2025-01-03,GBTC,Grayscale Bitcoin Trust ETF,0001588489,8-K,2025-01-01,0000950170-25-001114,https://www.sec.gov/Archives/edgar/data/1588489/000095017025001114/gbtc-20250101.htm
2025-01-08,BTCW,WisdomTree Bitcoin Fund,0001850391,FWP,,0001214659-25-000332,https://www.sec.gov/Archives/edgar/data/1850391/000121465925000332/y18250fwp.htm
2025-01-10,GBTC,Grayscale Bitcoin Trust ETF,0001588489,FWP,,0000950170-25-004066,https://www.sec.gov/Archives/edgar/data/1588489/000095017025004066/gbtc_birthday_posts_1.10.htm
2025-01-16,GBTC,Grayscale Bitcoin Trust ETF,0001588489,FWP,,0000950170-25-006023,https://www.sec.gov/Archives/edgar/data/1588489/000095017025006023/wealth_advisor_1.15.2025.htm
2025-01-16,GBTC,Grayscale Bitcoin Trust ETF,0001588489,FWP,,0000950170-25-006259,https://www.sec.gov/Archives/edgar/data/1588489/000095017025006259/zach_ttayf_podcast_1.15.htm
2025-01-24,GBTC,Grayscale Bitcoin Trust ETF,0001588489,FWP,,0000950170-25-008490,https://www.sec.gov/Archives/edgar/data/1588489/000095017025008490/gbtc_fact_sheet_1.23.202.htm
2025-01-28,GBTC,Grayscale Bitcoin Trust ETF,0001588489,FWP,,0000950170-25-009931,https://www.sec.gov/Archives/edgar/data/1588489/000095017025009931/seekingalpha_dl_1.28.202.htm
2025-01-30,BTCW,WisdomTree Bitcoin Fund,0001850391,FWP,,0001214659-25-001560,https://www.sec.gov/Archives/edgar/data/1850391/000121465925001560/e130250fwp.htm
2025-02-03,IBIT,iShares Bitcoin Trust ETF,0001980994,POS AM,,0001437749-25-002455,https://www.sec.gov/Archives/edgar/data/1980994/000143774925002455/bit20250129_posam.htm
2025-02-11,GBTC,Grayscale Bitcoin Trust ETF,0001588489,FWP,,0000950170-25-017839,https://www.sec.gov/Archives/edgar/data/1588489/000095017025017839/blockfuel_podcast_2.11.2.htm
2025-02-11,GBTC,Grayscale Bitcoin Trust ETF,0001588489,FWP,,0000950170-25-017990,https://www.sec.gov/Archives/edgar/data/1588489/000095017025017990/security_traders_az_2.6.htm
2025-02-12,EZBC,Franklin Templeton Digital Holdings Trust,0001992870,10-Q,2024-12-31,0001140361-25-004059,https://www.sec.gov/Archives/edgar/data/1992870/000114036125004059/ef20039379_10q.htm
2025-02-12,IBIT,iShares Bitcoin Trust ETF,0001980994,UPLOAD,,0000000000-25-001570,https://www.sec.gov/Archives/edgar/data/1980994/000000000025001570/filename1.pdf
2025-02-14,BITB,Bitwise Bitcoin ETF,0001763415,8-K,2025-02-14,0000950170-25-021165,https://www.sec.gov/Archives/edgar/data/1763415/000095017025021165/bitb-20250214.htm
2025-02-14,HODL,VanEck Bitcoin ETF,0001838028,8-K,2025-02-14,0001838028-25-000005,https://www.sec.gov/Archives/edgar/data/1838028/000183802825000005/hodl-20250214.htm
2025-02-28,BTC,Grayscale Bitcoin Mini Trust ETF,0002015034,10-K,2024-12-31,0000950170-25-029405,https://www.sec.gov/Archives/edgar/data/2015034/000095017025029405/btc-20241231.htm
2025-02-28,BTC,Grayscale Bitcoin Mini Trust ETF,0002015034,424B3,,0000950170-25-029413,https://www.sec.gov/Archives/edgar/data/2015034/000095017025029413/btc_mini_424b3_2.27.2025.htm
2025-02-28,BTCO,Invesco Galaxy Bitcoin ETF,0001855781,10-K,2024-12-31,0000950170-25-029444,https://www.sec.gov/Archives/edgar/data/1855781/000095017025029444/btco-20241231.htm
2025-02-28,GBTC,Grayscale Bitcoin Trust ETF,0001588489,10-K,2024-12-31,0000950170-25-029408,https://www.sec.gov/Archives/edgar/data/1588489/000095017025029408/gbtc-20241231.htm
2025-03-05,IBIT,iShares Bitcoin Trust ETF,0001980994,10-K,2024-12-31,0001437749-25-006260,https://www.sec.gov/Archives/edgar/data/1980994/000143774925006260/bit20241231_10k.htm
2025-03-06,ARKB,Ark 21Shares Bitcoin ETF,0001869699,8-K,2025-03-01,0001213900-25-021193,https://www.sec.gov/Archives/edgar/data/1869699/000121390025021193/ea023337802-8k_ark21.htm
2025-03-06,EZBC,Franklin Templeton Digital Holdings Trust,0001992870,FWP,,0001992870-25-000003,https://www.sec.gov/Archives/edgar/data/1992870/000199287025000003/web-ezbc030625.htm
2025-03-07,HODL,VanEck Bitcoin ETF,0001838028,8-K,2025-03-07,0001838028-25-000008,https://www.sec.gov/Archives/edgar/data/1838028/000183802825000008/hodl-20250307.htm
2025-03-07,HODL,VanEck Bitcoin ETF,0001838028,424B3,,0001838028-25-000009,https://www.sec.gov/Archives/edgar/data/1838028/000183802825000009/vaneckbitcoinetf424b3-inde.htm
2025-03-12,EZBC,Franklin Templeton Digital Holdings Trust,0001992870,FWP,,0002033807-25-000031,https://www.sec.gov/Archives/edgar/data/1992870/000203380725000031/makecryptoezworddoc.htm
2025-03-14,FBTC,Fidelity Wise Origin Bitcoin Fund,0001852317,10-K,2024-12-31,0000950170-25-039452,https://www.sec.gov/Archives/edgar/data/1852317/000095017025039452/ck0001852317-20241231.htm
2025-03-18,BITB,Bitwise Bitcoin ETF,0001763415,10-K,2024-12-31,0000950170-25-040572,https://www.sec.gov/Archives/edgar/data/1763415/000095017025040572/bitb-20241231.htm
2025-03-18,FBTC,Fidelity Wise Origin Bitcoin Fund,0001852317,FWP,,0001193125-25-055801,https://www.sec.gov/Archives/edgar/data/1852317/000119312525055801/d908641dfwp.htm
2025-03-20,EZBC,Franklin Templeton Digital Holdings Trust,0001992870,FWP,,0001992870-25-000007,https://www.sec.gov/Archives/edgar/data/1992870/000199287025000007/ezbc-web032025.htm
2025-03-21,BRRR,CoinShares Bitcoin ETF,0001841175,424I,,0001999371-25-002980,https://www.sec.gov/Archives/edgar/data/1841175/000199937125002980/brrr-424i_123124.htm
2025-03-21,HODL,VanEck Bitcoin ETF,0001838028,424I,,0000930413-25-000964,https://www.sec.gov/Archives/edgar/data/1838028/000093041325000964/c112131_424i.htm
2025-03-26,ARKB,Ark 21Shares Bitcoin ETF,0001869699,10-K,2024-12-31,0001013762-25-002798,https://www.sec.gov/Archives/edgar/data/1869699/000101376225002798/ea0234790-10k_ark21shares.htm
2025-03-26,BTC,Grayscale Bitcoin Mini Trust ETF,0002015034,424I,,0001193125-25-064157,https://www.sec.gov/Archives/edgar/data/2015034/000119312525064157/d898989d424i.htm
2025-03-26,BTCO,Invesco Galaxy Bitcoin ETF,0001855781,424I,,0001193125-25-063778,https://www.sec.gov/Archives/edgar/data/1855781/000119312525063778/d922703d424i.htm
2025-03-26,GBTC,Grayscale Bitcoin Trust ETF,0001588489,FWP,,0000950170-25-044956,https://www.sec.gov/Archives/edgar/data/1588489/000095017025044956/intro_to_crypto_etps_3.2.htm
2025-03-26,GBTC,Grayscale Bitcoin Trust ETF,0001588489,424I,,0001193125-25-064184,https://www.sec.gov/Archives/edgar/data/1588489/000119312525064184/d933062d424i.htm
2025-03-26,HODL,VanEck Bitcoin ETF,0001838028,10-K,2024-12-31,0000930413-25-000995,https://www.sec.gov/Archives/edgar/data/1838028/000093041325000995/c112018_10k-ixbrl.htm
2025-03-26,HODL,VanEck Bitcoin ETF,0001838028,424B3,,0000930413-25-001001,https://www.sec.gov/Archives/edgar/data/1838028/000093041325001001/c112218_424b3.htm
2025-03-27,BTCW,WisdomTree Bitcoin Fund,0001850391,10-K,2024-12-31,0001214659-25-004851,https://www.sec.gov/Archives/edgar/data/1850391/000121465925004851/wtb3242510k.htm
2025-03-28,ARKB,Ark 21Shares Bitcoin ETF,0001869699,424I,,0001013762-25-004188,https://www.sec.gov/Archives/edgar/data/1869699/000101376225004188/ea0234980-424i_ark21shares.htm
2025-03-28,BITB,Bitwise Bitcoin ETF,0001763415,10-K/A,2024-12-31,0000950170-25-046761,https://www.sec.gov/Archives/edgar/data/1763415/000095017025046761/bitb-20241231.htm
2025-03-28,BITB,Bitwise Bitcoin ETF,0001763415,424I,,0001193125-25-067093,https://www.sec.gov/Archives/edgar/data/1763415/000119312525067093/d882057d424i.htm
2025-03-28,BRRR,CoinShares Bitcoin ETF,0001841175,10-K,2024-12-31,0001999371-25-003309,https://www.sec.gov/Archives/edgar/data/1841175/000199937125003309/brrr_10k-123124.htm
2025-03-28,BTCW,WisdomTree Bitcoin Fund,0001850391,424I,,0001214659-25-004980,https://www.sec.gov/Archives/edgar/data/1850391/000121465925004980/d327252424i.htm
2025-03-28,FBTC,Fidelity Wise Origin Bitcoin Fund,0001852317,424I,,0002000046-25-000018,https://www.sec.gov/Archives/edgar/data/1852317/000200004625000018/form424ifiling-fidelitywiseo.htm
2025-03-31,BTCW,WisdomTree Bitcoin Fund,0001850391,POS AM,,0001214659-25-005103,https://www.sec.gov/Archives/edgar/data/1850391/000121465925005103/wtb331250posam1.htm
2025-03-31,IBIT,iShares Bitcoin Trust ETF,0001980994,424I,,0001437749-25-010167,https://www.sec.gov/Archives/edgar/data/1980994/000143774925010167/bit20250328_424h.htm
2025-04-01,BTC,Grayscale Bitcoin Mini Trust ETF,0002015034,POS AM,,0001193125-25-070549,https://www.sec.gov/Archives/edgar/data/2015034/000119312525070549/d943052dposam.htm
2025-04-01,BTCW,WisdomTree Bitcoin Fund,0001850391,EFFECT,,9999999995-25-000909,https://www.sec.gov/Archives/edgar/data/1850391/999999999525000909/xslEFFECTX01/primary_doc.xml
2025-04-02,BTCW,WisdomTree Bitcoin Fund,0001850391,424B3,,0001214659-25-005295,https://www.sec.gov/Archives/edgar/data/1850391/000121465925005295/wtb41250424b3.htm
2025-04-04,BTCO,Invesco Galaxy Bitcoin ETF,0001855781,POS AM,,0001193125-25-073505,https://www.sec.gov/Archives/edgar/data/1855781/000119312525073505/d915168dposam.htm
2025-04-08,IBIT,iShares Bitcoin Trust ETF,0001980994,8-K,2025-04-07,0001437749-25-011313,https://www.sec.gov/Archives/edgar/data/1980994/000143774925011313/bit20250404_8k.htm
2025-04-09,BTC,Grayscale Bitcoin Mini Trust ETF,0002015034,8-K,2025-04-09,0000950103-25-004583,https://www.sec.gov/Archives/edgar/data/2015034/000095010325004583/dp227430_8k-btc.htm
2025-04-09,BTC,Grayscale Bitcoin Mini Trust ETF,0002015034,424B3,,0001193125-25-076003,https://www.sec.gov/Archives/edgar/data/2015034/000119312525076003/d943052d424b3.htm
2025-04-09,GBTC,Grayscale Bitcoin Trust ETF,0001588489,8-K,2025-04-09,0000950103-25-004588,https://www.sec.gov/Archives/edgar/data/1588489/000095010325004588/dp227434_8k-gbtc.htm
2025-04-11,BTC,Grayscale Bitcoin Mini Trust ETF,0002015034,EFFECT,,9999999995-25-001081,https://www.sec.gov/Archives/edgar/data/2015034/999999999525001081/xslEFFECTX01/primary_doc.xml
2025-04-14,BTCO,Invesco Galaxy Bitcoin ETF,0001855781,424B3,,0001193125-25-080223,https://www.sec.gov/Archives/edgar/data/1855781/000119312525080223/d915168d424b3.htm
2025-04-14,BTCO,Invesco Galaxy Bitcoin ETF,0001855781,EFFECT,,9999999995-25-001100,https://www.sec.gov/Archives/edgar/data/1855781/999999999525001100/xslEFFECTX01/primary_doc.xml
2025-04-23,GBTC,Grayscale Bitcoin Trust ETF,0001588489,FWP,,0000950170-25-057328,https://www.sec.gov/Archives/edgar/data/1588489/000095017025057328/fortune_article_post_4.2.htm
2025-05-02,BTC,Grayscale Bitcoin Mini Trust ETF,0002015034,10-Q,2025-03-31,0000950170-25-062727,https://www.sec.gov/Archives/edgar/data/2015034/000095017025062727/btc-20250331.htm
2025-05-02,GBTC,Grayscale Bitcoin Trust ETF,0001588489,10-Q,2025-03-31,0000950170-25-062731,https://www.sec.gov/Archives/edgar/data/1588489/000095017025062731/gbtc-20250331.htm
2025-05-06,HODL,VanEck Bitcoin ETF,0001838028,FWP,,0001838028-25-000012,https://www.sec.gov/Archives/edgar/data/1838028/000183802825000012/hodlvaneckbitcoinetfconf.htm
2025-05-07,IBIT,iShares Bitcoin Trust ETF,0001980994,10-Q,2025-03-31,0001437749-25-015168,https://www.sec.gov/Archives/edgar/data/1980994/000143774925015168/bit20250331_10q.htm
2025-05-08,BTCO,Invesco Galaxy Bitcoin ETF,0001855781,10-Q,2025-03-31,0000950170-25-067214,https://www.sec.gov/Archives/edgar/data/1855781/000095017025067214/btco-20250331.htm
2025-05-08,GBTC,Grayscale Bitcoin Trust ETF,0001588489,FWP,,0000950170-25-067190,https://www.sec.gov/Archives/edgar/data/1588489/000095017025067190/fortune_article_post_5.8.htm
2025-05-09,FBTC,Fidelity Wise Origin Bitcoin Fund,0001852317,10-Q,2025-03-31,0000950170-25-067926,https://www.sec.gov/Archives/edgar/data/1852317/000095017025067926/ck0001852317-20250331.htm
2025-05-09,GBTC,Grayscale Bitcoin Trust ETF,0001588489,FWP,,0000950170-25-067460,https://www.sec.gov/Archives/edgar/data/1588489/000095017025067460/nate_geraci_podcast_5.8.htm
2025-05-09,IBIT,iShares Bitcoin Trust ETF,0001980994,POS AM,,0001437749-25-015853,https://www.sec.gov/Archives/edgar/data/1980994/000143774925015853/bit20250418_posam.htm
2025-05-09,IBIT,iShares Bitcoin Trust ETF,0001980994,CORRESP,,0001437749-25-015854,https://www.sec.gov/Archives/edgar/data/1980994/000143774925015854/filename1.htm
2025-05-12,BITB,Bitwise Bitcoin ETF,0001763415,10-Q,2025-03-31,0000950170-25-068780,https://www.sec.gov/Archives/edgar/data/1763415/000095017025068780/bitb-20250331.htm
2025-05-12,GBTC,Grayscale Bitcoin Trust ETF,0001588489,FWP,,0000950170-25-069467,https://www.sec.gov/Archives/edgar/data/1588489/000095017025069467/wealth_advisor_intervw_5.htm
2025-05-13,ARKB,Ark 21Shares Bitcoin ETF,0001869699,10-Q,2025-03-31,0001213900-25-042727,https://www.sec.gov/Archives/edgar/data/1869699/000121390025042727/ea0240919-10q_ark21.htm
2025-05-13,GBTC,Grayscale Bitcoin Trust ETF,0001588489,FWP,,0000950170-25-069536,https://www.sec.gov/Archives/edgar/data/1588489/000095017025069536/product_menu_5.12.25.htm
2025-05-14,GBTC,Grayscale Bitcoin Trust ETF,0001588489,FWP,,0000950170-25-071566,https://www.sec.gov/Archives/edgar/data/1588489/000095017025071566/consensus_toronto_5.14.2.htm
2025-05-14,HODL,VanEck Bitcoin ETF,0001838028,10-Q,2025-03-31,0000930413-25-001795,https://www.sec.gov/Archives/edgar/data/1838028/000093041325001795/c112631_10q-ixbrl.htm
2025-05-15,BRRR,CoinShares Bitcoin ETF,0001841175,10-Q,2025-03-31,0001999371-25-006195,https://www.sec.gov/Archives/edgar/data/1841175/000199937125006195/brrr-10q_033125.htm
2025-05-15,BTCW,WisdomTree Bitcoin Fund,0001850391,10-Q,2025-03-31,0001214659-25-007853,https://www.sec.gov/Archives/edgar/data/1850391/000121465925007853/wtb5925210q.htm
2025-05-15,BTCW,WisdomTree Bitcoin Fund,0001850391,FWP,,0001214659-25-007904,https://www.sec.gov/Archives/edgar/data/1850391/000121465925007904/wtb515258fwp.htm
2025-05-16,BTCW,WisdomTree Bitcoin Fund,0001850391,FWP,,0001214659-25-007920,https://www.sec.gov/Archives/edgar/data/1850391/000121465925007920/wtb5152510fwp.htm
2025-05-23,FBTC,Fidelity Wise Origin Bitcoin Fund,0001852317,S-3,,0001193125-25-125769,https://www.sec.gov/Archives/edgar/data/1852317/000119312525125769/d937474ds3.htm
2025-06-03,ARKB,Ark 21Shares Bitcoin ETF,0001869699,8-K,2025-06-02,0001213900-25-050167,https://www.sec.gov/Archives/edgar/data/1869699/000121390025050167/ea0244383-8k_ark21.htm
2025-06-04,EZBC,Franklin Templeton Digital Holdings Trust,0001992870,FWP,,0001992870-25-000010,https://www.sec.gov/Archives/edgar/data/1992870/000199287025000010/fwp-20252.htm
2025-06-05,FBTC,Fidelity Wise Origin Bitcoin Fund,0001852317,UPLOAD,,0000000000-25-005927,https://www.sec.gov/Archives/edgar/data/1852317/000000000025005927/filename1.pdf
2025-06-10,BITB,Bitwise Bitcoin ETF,0001763415,S-3,,0001213900-25-052948,https://www.sec.gov/Archives/edgar/data/1763415/000121390025052948/ea0244875-s3_bitwise.htm
2025-06-11,HODL,VanEck Bitcoin ETF,0001838028,424B3,,0001838028-25-000014,https://www.sec.gov/Archives/edgar/data/1838028/000183802825000014/vaneckbitcoinetf424b3-nonco.htm
2025-06-12,GBTC,Grayscale Bitcoin Trust ETF,0001588489,FWP,,0000950170-25-085519,https://www.sec.gov/Archives/edgar/data/1588489/000095017025085519/edge_panel_kl_6.12.25.htm
2025-06-17,HODL,VanEck Bitcoin ETF,0001838028,FWP,,0001838028-25-000016,https://www.sec.gov/Archives/edgar/data/1838028/000183802825000016/hodlvaneckbitcoinetftime.htm
2025-06-18,BITB,Bitwise Bitcoin ETF,0001763415,UPLOAD,,0000000000-25-006394,https://www.sec.gov/Archives/edgar/data/1763415/000000000025006394/filename1.pdf
2025-06-18,FBTC,Fidelity Wise Origin Bitcoin Fund,0001852317,CORRESP,,0001193125-25-142772,https://www.sec.gov/Archives/edgar/data/1852317/000119312525142772/filename1.htm
2025-06-23,BITB,Bitwise Bitcoin ETF,0001763415,S-3/A,,0001213900-25-056635,https://www.sec.gov/Archives/edgar/data/1763415/000121390025056635/ea0246384-s3a1_bitwise.htm
2025-06-23,BITB,Bitwise Bitcoin ETF,0001763415,CORRESP,,0001213900-25-056638,https://www.sec.gov/Archives/edgar/data/1763415/000121390025056638/filename1.htm
2025-06-24,EZBC,Franklin Templeton Digital Holdings Trust,0001992870,FWP,,0001992870-25-000012,https://www.sec.gov/Archives/edgar/data/1992870/000199287025000012/fwp062425-20252.htm
2025-06-25,BTC,Grayscale Bitcoin Mini Trust ETF,0002015034,8-K,2025-06-22,0000950170-25-089984,https://www.sec.gov/Archives/edgar/data/2015034/000095017025089984/btc-20250622.htm
2025-06-25,GBTC,Grayscale Bitcoin Trust ETF,0001588489,FWP,,0000950170-25-089814,https://www.sec.gov/Archives/edgar/data/1588489/000095017025089814/kl_panel_6.25.25.htm
2025-06-25,GBTC,Grayscale Bitcoin Trust ETF,0001588489,FWP,,0000950170-25-089859,https://www.sec.gov/Archives/edgar/data/1588489/000095017025089859/siriusxm_business_radio_.htm
2025-06-25,GBTC,Grayscale Bitcoin Trust ETF,0001588489,8-K,2025-06-22,0000950170-25-089983,https://www.sec.gov/Archives/edgar/data/1588489/000095017025089983/gbtc-20250622.htm
2025-06-26,EZBC,Franklin Templeton Digital Holdings Trust,0001992870,424I,,0001137439-25-000845,https://www.sec.gov/Archives/edgar/data/1992870/000113743925000845/ftdht424i062025.htm
2025-06-26,FBTC,Fidelity Wise Origin Bitcoin Fund,0001852317,UPLOAD,,0000000000-25-006674,https://www.sec.gov/Archives/edgar/data/1852317/000000000025006674/filename1.pdf
2025-06-30,EZBC,Franklin Templeton Digital Holdings Trust,0001992870,10-K,2025-03-31,0001140361-25-024065,https://www.sec.gov/Archives/edgar/data/1992870/000114036125024065/ef20047701_10k.htm
2025-07-02,IBIT,iShares Bitcoin Trust ETF,0001980994,POS AM,,0001437749-25-022009,https://www.sec.gov/Archives/edgar/data/1980994/000143774925022009/bit20250630_posam.htm
2025-07-18,BTCW,WisdomTree Bitcoin Fund,0001850391,SCHEDULE 13G,,0001390777-25-000113,https://www.sec.gov/Archives/edgar/data/1850391/000139077725000113/xslSCHEDULE_13G_X01/primary_doc.xml
2025-07-21,FBTC,Fidelity Wise Origin Bitcoin Fund,0001852317,S-3/A,,0001193125-25-161971,https://www.sec.gov/Archives/edgar/data/1852317/000119312525161971/d937474ds3a.htm
2025-07-21,FBTC,Fidelity Wise Origin Bitcoin Fund,0001852317,CORRESP,,0001193125-25-161975,https://www.sec.gov/Archives/edgar/data/1852317/000119312525161975/filename1.htm
2025-07-22,GBTC,Grayscale Bitcoin Trust ETF,0001588489,FWP,,0000950170-25-097361,https://www.sec.gov/Archives/edgar/data/1588489/000095017025097361/tyb_podcast_7.21.25.htm
2025-07-23,FBTC,Fidelity Wise Origin Bitcoin Fund,0001852317,8-K,2025-07-21,0000950170-25-097862,https://www.sec.gov/Archives/edgar/data/1852317/000095017025097862/ck0001852317-20250721.htm
2025-07-23,GBTC,Grayscale Bitcoin Trust ETF,0001588489,FWP,,0000950170-25-097859,https://www.sec.gov/Archives/edgar/data/1588489/000095017025097859/cs_siriusxm_7.23.25.htm
2025-07-25,BRRR,CoinShares Bitcoin ETF,0001841175,8-A12B/A,,0001999371-25-009865,https://www.sec.gov/Archives/edgar/data/1841175/000199937125009865/bitcoin-8a12ba_072525.htm
2025-07-25,BRRR,CoinShares Bitcoin ETF,0001841175,8-K,2025-07-25,0001999371-25-009894,https://www.sec.gov/Archives/edgar/data/1841175/000199937125009894/brrr_8k-072525.htm
2025-07-25,BRRR,CoinShares Bitcoin ETF,0001841175,424B3,,0001999371-25-009896,https://www.sec.gov/Archives/edgar/data/1841175/000199937125009896/bitcoin-424b3_072525.htm
2025-07-29,BITB,Bitwise Bitcoin ETF,0001763415,S-3/A,,0001213900-25-068806,https://www.sec.gov/Archives/edgar/data/1763415/000121390025068806/ea0248209-s3a2_bitwise.htm
2025-07-30,ARKB,Ark 21Shares Bitcoin ETF,0001869699,424B3,,0001213900-25-069319,https://www.sec.gov/Archives/edgar/data/1869699/000121390025069319/ea0250862-424b3_ark21shares.htm
2025-07-30,IBIT,iShares Bitcoin Trust ETF,0001980994,CORRESP,,0001437749-25-023942,https://www.sec.gov/Archives/edgar/data/1980994/000143774925023942/filename1.htm
2025-07-31,BITB,Bitwise Bitcoin ETF,0001763415,S-3/A,,0001213900-25-069756,https://www.sec.gov/Archives/edgar/data/1763415/000121390025069756/ea0250824-s3a3_bitwise.htm
2025-07-31,BITB,Bitwise Bitcoin ETF,0001763415,CORRESP,,0001213900-25-069761,https://www.sec.gov/Archives/edgar/data/1763415/000121390025069761/filename1.htm
2025-07-31,BITB,Bitwise Bitcoin ETF,0001763415,EFFECT,,9999999995-25-002430,https://www.sec.gov/Archives/edgar/data/1763415/999999999525002430/xslEFFECTX01/primary_doc.xml
2025-07-31,FBTC,Fidelity Wise Origin Bitcoin Fund,0001852317,CORRESP,,0001193125-25-170141,https://www.sec.gov/Archives/edgar/data/1852317/000119312525170141/filename1.htm
2025-07-31,FBTC,Fidelity Wise Origin Bitcoin Fund,0001852317,424B3,,0001193125-25-170577,https://www.sec.gov/Archives/edgar/data/1852317/000119312525170577/d937474d424b3.htm
2025-07-31,FBTC,Fidelity Wise Origin Bitcoin Fund,0001852317,EFFECT,,9999999995-25-002427,https://www.sec.gov/Archives/edgar/data/1852317/999999999525002427/xslEFFECTX01/primary_doc.xml
2025-07-31,IBIT,iShares Bitcoin Trust ETF,0001980994,424B3,,0001437749-25-024228,https://www.sec.gov/Archives/edgar/data/1980994/000143774925024228/bit20250731_424b3.htm
2025-07-31,IBIT,iShares Bitcoin Trust ETF,0001980994,EFFECT,,9999999995-25-002418,https://www.sec.gov/Archives/edgar/data/1980994/999999999525002418/xslEFFECTX01/primary_doc.xml
2025-08-01,BITB,Bitwise Bitcoin ETF,0001763415,424B3,,0001213900-25-070105,https://www.sec.gov/Archives/edgar/data/1763415/000121390025070105/ea024820902-424b3_bitwise.htm
2025-08-01,BTC,Grayscale Bitcoin Mini Trust ETF,0002015034,10-Q,2025-06-30,0000950170-25-101399,https://www.sec.gov/Archives/edgar/data/2015034/000095017025101399/btc-20250630.htm
2025-08-01,GBTC,Grayscale Bitcoin Trust ETF,0001588489,10-Q,2025-06-30,0000950170-25-101400,https://www.sec.gov/Archives/edgar/data/1588489/000095017025101400/gbtc-20250630.htm
2025-08-04,BTC,Grayscale Bitcoin Mini Trust ETF,0002015034,8-K,2025-08-04,0000950170-25-101661,https://www.sec.gov/Archives/edgar/data/2015034/000095017025101661/btc-20250804.htm
2025-08-04,GBTC,Grayscale Bitcoin Trust ETF,0001588489,8-K,2025-08-04,0000950170-25-101663,https://www.sec.gov/Archives/edgar/data/1588489/000095017025101663/gbtc-20250804.htm
2025-08-05,IBIT,iShares Bitcoin Trust ETF,0001980994,10-Q,2025-06-30,0001437749-25-024884,https://www.sec.gov/Archives/edgar/data/1980994/000143774925024884/bit20250630_10q.htm
2025-08-07,BITB,Bitwise Bitcoin ETF,0001763415,10-Q,2025-06-30,0001193125-25-175490,https://www.sec.gov/Archives/edgar/data/1763415/000119312525175490/bitb-20250630.htm
2025-08-07,BTCO,Invesco Galaxy Bitcoin ETF,0001855781,10-Q,2025-06-30,0000950170-25-105150,https://www.sec.gov/Archives/edgar/data/1855781/000095017025105150/btco-20250630.htm
2025-08-08,FBTC,Fidelity Wise Origin Bitcoin Fund,0001852317,10-Q,2025-06-30,0000950170-25-105585,https://www.sec.gov/Archives/edgar/data/1852317/000095017025105585/ck0001852317-20250630.htm
2025-08-08,GBTC,Grayscale Bitcoin Trust ETF,0001588489,8-K,2025-08-08,0000950170-25-105826,https://www.sec.gov/Archives/edgar/data/1588489/000095017025105826/gbtc-20250808.htm
2025-08-13,ARKB,Ark 21Shares Bitcoin ETF,0001869699,10-Q,2025-06-30,0001213900-25-075771,https://www.sec.gov/Archives/edgar/data/1869699/000121390025075771/ea0251650-10q_ark21.htm
2025-08-13,BRRR,CoinShares Bitcoin ETF,0001841175,10-Q,2025-06-30,0001999371-25-011250,https://www.sec.gov/Archives/edgar/data/1841175/000199937125011250/brrr_10q-063025.htm
2025-08-13,BTCW,WisdomTree Bitcoin Fund,0001850391,10-Q,2025-06-30,0001214659-25-011977,https://www.sec.gov/Archives/edgar/data/1850391/000121465925011977/z81125110q.htm
2025-08-13,HODL,VanEck Bitcoin ETF,0001838028,10-Q,2025-06-30,0000930413-25-002440,https://www.sec.gov/Archives/edgar/data/1838028/000093041325002440/c113647_10q-ixbrl.htm
2025-08-14,EZBC,Franklin Templeton Digital Holdings Trust,0001992870,10-Q,2025-06-30,0001140361-25-030876,https://www.sec.gov/Archives/edgar/data/1992870/000114036125030876/ef20051640_10q.htm
2025-08-18,EZBC,Franklin Templeton Digital Holdings Trust,0001992870,FWP,,0001992870-25-000015,https://www.sec.gov/Archives/edgar/data/1992870/000199287025000015/fwp-20254.htm
2025-08-25,GBTC,Grayscale Bitcoin Trust ETF,0001588489,FWP,,0000950170-25-111239,https://www.sec.gov/Archives/edgar/data/1588489/000095017025111239/steady_wealth_podcast_9.htm
2025-09-03,BITB,Bitwise Bitcoin ETF,0001763415,RW,,0001213900-25-083916,https://www.sec.gov/Archives/edgar/data/1763415/000121390025083916/ea025589601-rw_bitwiseetf.htm
2025-09-08,BTC,Grayscale Bitcoin Mini Trust ETF,0002015034,FWP,,0000950170-25-113517,https://www.sec.gov/Archives/edgar/data/2015034/000095017025113517/activation_quiz_btc_09.0.htm
2025-09-08,BTC,Grayscale Bitcoin Mini Trust ETF,0002015034,POS AM,,0002015034-25-000003,https://www.sec.gov/Archives/edgar/data/2015034/000201503425000003/btc-20250905.htm
2025-09-08,GBTC,Grayscale Bitcoin Trust ETF,0001588489,FWP,,0000950170-25-113501,https://www.sec.gov/Archives/edgar/data/1588489/000095017025113501/activation_quiz_gbtc_09.htm
2025-09-11,BTC,Grayscale Bitcoin Mini Trust ETF,0002015034,EFFECT,,9999999995-25-002919,https://www.sec.gov/Archives/edgar/data/2015034/999999999525002919/xslEFFECTX01/primary_doc.xml
2025-09-12,BTC,Grayscale Bitcoin Mini Trust ETF,0002015034,424B3,,0000950170-25-114372,https://www.sec.gov/Archives/edgar/data/2015034/000095017025114372/btc_mini_424b3.htm
2025-09-15,BTC,Grayscale Bitcoin Mini Trust ETF,0002015034,FWP,,0001193125-25-203351,https://www.sec.gov/Archives/edgar/data/2015034/000119312525203351/btc_mini_etp_09.15.2025.htm
2025-09-16,BTC,Grayscale Bitcoin Mini Trust ETF,0002015034,FWP,,0001193125-25-204581,https://www.sec.gov/Archives/edgar/data/2015034/000119312525204581/btc_mini_etp_-_09.16.202.htm
2025-09-16,BTC,Grayscale Bitcoin Mini Trust ETF,0002015034,FWP,,0001193125-25-204870,https://www.sec.gov/Archives/edgar/data/2015034/000119312525204870/btc_mini_carousel_-_09.1.htm
2025-09-17,BTC,Grayscale Bitcoin Mini Trust ETF,0002015034,FWP,,0001193125-25-206113,https://www.sec.gov/Archives/edgar/data/2015034/000119312525206113/btc_tale_of_the_tape_9.1.htm
2025-09-23,BTC,Grayscale Bitcoin Mini Trust ETF,0002015034,FWP,,0001193125-25-212880,https://www.sec.gov/Archives/edgar/data/2015034/000119312525212880/btc_webpage_9.23.2025.htm
2025-09-26,BTC,Grayscale Bitcoin Mini Trust ETF,0002015034,8-K,2025-09-25,0001193125-25-220479,https://www.sec.gov/Archives/edgar/data/2015034/000119312525220479/btc-20250926.htm
2025-09-29,GBTC,Grayscale Bitcoin Trust ETF,0001588489,FWP,,0001193125-25-222266,https://www.sec.gov/Archives/edgar/data/1588489/000119312525222266/crypto_in_america_9.26.2.htm
2025-10-09,BTC,Grayscale Bitcoin Mini Trust ETF,0002015034,8-K,2025-10-03,0001193125-25-236071,https://www.sec.gov/Archives/edgar/data/2015034/000119312525236071/btc-20251003.htm
2025-10-09,GBTC,Grayscale Bitcoin Trust ETF,0001588489,8-K,2025-10-03,0001193125-25-236072,https://www.sec.gov/Archives/edgar/data/1588489/000119312525236072/gbtc-20251003.htm
2025-10-14,BTC,Grayscale Bitcoin Mini Trust ETF,0002015034,8-K,2025-10-13,0001193125-25-239022,https://www.sec.gov/Archives/edgar/data/2015034/000119312525239022/btc-20251013.htm
2025-10-14,GBTC,Grayscale Bitcoin Trust ETF,0001588489,8-K,2025-10-13,0001193125-25-239000,https://www.sec.gov/Archives/edgar/data/1588489/000119312525239000/gbtc-20251013.htm
2025-10-24,BTC,Grayscale Bitcoin Mini Trust ETF,0002015034,8-K,2025-10-22,0001193125-25-249993,https://www.sec.gov/Archives/edgar/data/2015034/000119312525249993/btc-20251022.htm
2025-10-24,GBTC,Grayscale Bitcoin Trust ETF,0001588489,8-K,2025-10-22,0001193125-25-249982,https://www.sec.gov/Archives/edgar/data/1588489/000119312525249982/gbtc-20251022.htm
2025-10-28,BTCW,WisdomTree Bitcoin Fund,0001850391,SCHEDULE 13G/A,,0001390777-25-000156,https://www.sec.gov/Archives/edgar/data/1850391/000139077725000156/xslSCHEDULE_13G_X01/primary_doc.xml
2025-10-29,EZBC,Franklin Templeton Digital Holdings Trust,0001992870,FWP,,0001992870-25-000017,https://www.sec.gov/Archives/edgar/data/1992870/000199287025000017/fwp-202512.htm
2025-11-05,BTC,Grayscale Bitcoin Mini Trust ETF,0002015034,10-Q,2025-09-30,0001193125-25-266856,https://www.sec.gov/Archives/edgar/data/2015034/000119312525266856/btc-20250930.htm
2025-11-05,GBTC,Grayscale Bitcoin Trust ETF,0001588489,10-Q,2025-09-30,0001193125-25-266861,https://www.sec.gov/Archives/edgar/data/1588489/000119312525266861/gbtc-20250930.htm
2025-11-06,GBTC,Grayscale Bitcoin Trust ETF,0001588489,144,,0001976415-25-000040,https://www.sec.gov/Archives/edgar/data/1588489/000197641525000040/xsl144X01/primary_doc.xml
2025-11-06,IBIT,iShares Bitcoin Trust ETF,0001980994,10-Q,2025-09-30,0001437749-25-033435,https://www.sec.gov/Archives/edgar/data/1980994/000143774925033435/bit20250930_10q.htm
2025-11-06,IBIT,iShares Bitcoin Trust ETF,0001980994,FWP,,0001437749-25-033575,https://www.sec.gov/Archives/edgar/data/1980994/000143774925033575/bit20251105_fwp.htm
2025-11-07,BTCO,Invesco Galaxy Bitcoin ETF,0001855781,10-Q,2025-09-30,0001193125-25-270289,https://www.sec.gov/Archives/edgar/data/1855781/000119312525270289/btco-20250930.htm
2025-11-07,FBTC,Fidelity Wise Origin Bitcoin Fund,0001852317,10-Q,2025-09-30,0001193125-25-271721,https://www.sec.gov/Archives/edgar/data/1852317/000119312525271721/ck0001852317-20250930.htm
2025-11-10,BITB,Bitwise Bitcoin ETF,0001763415,10-Q,2025-09-30,0001193125-25-274482,https://www.sec.gov/Archives/edgar/data/1763415/000119312525274482/bitb-20250930.htm
2025-11-12,BTC,Grayscale Bitcoin Mini Trust ETF,0002015034,FWP,,0001193125-25-277329,https://www.sec.gov/Archives/edgar/data/2015034/000119312525277329/btc_mini_video_ad_11.11.htm
2025-11-12,BTCW,WisdomTree Bitcoin Fund,0001850391,10-Q,2025-09-30,0001214659-25-016344,https://www.sec.gov/Archives/edgar/data/1850391/000121465925016344/wtb11725210q.htm
2025-11-13,BRRR,CoinShares Bitcoin ETF,0001841175,10-Q,2025-09-30,0001999371-25-017663,https://www.sec.gov/Archives/edgar/data/1841175/000199937125017663/brrr_10q-093025.htm
2025-11-13,EZBC,Franklin Templeton Digital Holdings Trust,0001992870,10-Q,2025-09-30,0001140361-25-041932,https://www.sec.gov/Archives/edgar/data/1992870/000114036125041932/ef20054991_10q.htm
2025-11-13,HODL,VanEck Bitcoin ETF,0001838028,10-Q,2025-09-30,0000930413-25-003438,https://www.sec.gov/Archives/edgar/data/1838028/000093041325003438/c114208_10q-ixbrl.htm
2025-11-13,IBIT,iShares Bitcoin Trust ETF,0001980994,FWP,,0001437749-25-034713,https://www.sec.gov/Archives/edgar/data/1980994/000143774925034713/bit20251112_fwp.htm
2025-11-14,ARKB,Ark 21Shares Bitcoin ETF,0001869699,10-Q,2025-09-30,0001213900-25-110782,https://www.sec.gov/Archives/edgar/data/1869699/000121390025110782/ea0263608-10q_ark21.htm
2025-11-20,HODL,VanEck Bitcoin ETF,0001838028,8-K,2025-11-20,0001838028-25-000020,https://www.sec.gov/Archives/edgar/data/1838028/000183802825000020/hodl-20251120.htm
2025-11-20,HODL,VanEck Bitcoin ETF,0001838028,424B3,,0001838028-25-000021,https://www.sec.gov/Archives/edgar/data/1838028/000183802825000021/vaneckbitcoinetf424b3-inki.htm
2025-11-21,IBIT,iShares Bitcoin Trust ETF,0001980994,424B3,,0001437749-25-036012,https://www.sec.gov/Archives/edgar/data/1980994/000143774925036012/bit20251120_424b3.htm
2025-11-25,HODL,VanEck Bitcoin ETF,0001838028,424B3,,0001838028-25-000023,https://www.sec.gov/Archives/edgar/data/1838028/000183802825000023/vaneckbitcoinetf424b3-feew.htm
2025-12-03,BTC,Grayscale Bitcoin Mini Trust ETF,0002015034,8-K,2025-12-03,0001193125-25-306832,https://www.sec.gov/Archives/edgar/data/2015034/000119312525306832/btc-20251203.htm
2025-12-03,GBTC,Grayscale Bitcoin Trust ETF,0001588489,8-K,2025-12-03,0001193125-25-306844,https://www.sec.gov/Archives/edgar/data/1588489/000119312525306844/gbtc-20251203.htm
2025-12-03,HODL,VanEck Bitcoin ETF,0001838028,424B3,,0001838028-25-000029,https://www.sec.gov/Archives/edgar/data/1838028/000183802825000029/vaneckbitcoinetf424b3-inde.htm
2025-12-03,HODL,VanEck Bitcoin ETF,0001838028,8-K,2025-12-03,0001838028-25-000030,https://www.sec.gov/Archives/edgar/data/1838028/000183802825000030/hodl-20251203.htm
2025-12-04,BTC,Grayscale Bitcoin Mini Trust ETF,0002015034,FWP,,0001193125-25-307704,https://www.sec.gov/Archives/edgar/data/2015034/000119312525307704/btc_mini_times_square_12.htm
2025-12-11,BTC,Grayscale Bitcoin Mini Trust ETF,0002015034,FWP,,0001193125-25-315648,https://www.sec.gov/Archives/edgar/data/2015034/000119312525315648/fwp_btc_mini.htm
2025-12-15,BTCO,Invesco Galaxy Bitcoin ETF,0001855781,POS AM,,0001193125-25-319255,https://www.sec.gov/Archives/edgar/data/1855781/000119312525319255/d938693dposam.htm
2025-12-15,IBIT,iShares Bitcoin Trust ETF,0001980994,FWP,,0001437749-25-037822,https://www.sec.gov/Archives/edgar/data/1980994/000143774925037822/bit20251215_fwp.htm
2025-12-16,BTCO,Invesco Galaxy Bitcoin ETF,0001855781,424B3,,0001193125-25-321177,https://www.sec.gov/Archives/edgar/data/1855781/000119312525321177/d938693d424b3.htm
2025-12-16,BTCO,Invesco Galaxy Bitcoin ETF,0001855781,EFFECT,,9999999995-25-003765,https://www.sec.gov/Archives/edgar/data/1855781/999999999525003765/xslEFFECTX01/primary_doc.xml
2025-12-17,EZBC,Franklin Templeton Digital Holdings Trust,0001992870,FWP,,0001992870-25-000019,https://www.sec.gov/Archives/edgar/data/1992870/000199287025000019/fwp-202533.htm
2025-12-18,ARKB,Ark 21Shares Bitcoin ETF,0001869699,8-K,2025-12-12,0001213900-25-123286,https://www.sec.gov/Archives/edgar/data/1869699/000121390025123286/ea0270186-8k_ark21share.htm
2026-01-05,BTC,Grayscale Bitcoin Mini Trust ETF,0002015034,FWP,,0001193125-26-002545,https://www.sec.gov/Archives/edgar/data/2015034/000119312526002545/grayscale.com_1.5.2026.htm
2026-01-06,BTC,Grayscale Bitcoin Mini Trust ETF,0002015034,FWP,,0001193125-26-003985,https://www.sec.gov/Archives/edgar/data/2015034/000119312526003985/product_suite_1.6.26.htm
2026-01-06,GBTC,Grayscale Bitcoin Trust ETF,0001588489,FWP,,0001193125-26-003975,https://www.sec.gov/Archives/edgar/data/1588489/000119312526003975/product_suite_1.6.26.htm
2026-01-06,MSBT,Morgan Stanley Bitcoin Trust,0002103612,S-1,,0001104659-26-000959,https://www.sec.gov/Archives/edgar/data/2103612/000110465926000959/tm2534140d2_s1.htm
2026-01-23,GBTC,Grayscale Bitcoin Trust ETF,0001588489,144,,0001652536-26-000003,https://www.sec.gov/Archives/edgar/data/1588489/000165253626000003/xsl144X01/primary_doc.xml
2026-01-26,BTC,Grayscale Bitcoin Mini Trust ETF,0002015034,144,,0001652536-26-000011,https://www.sec.gov/Archives/edgar/data/2015034/000165253626000011/xsl144X01/primary_doc.xml
2026-01-29,BTCW,WisdomTree Bitcoin Fund,0001850391,SCHEDULE 13G/A,,0001390777-26-000016,https://www.sec.gov/Archives/edgar/data/1850391/000139077726000016/xslSCHEDULE_13G_X01/primary_doc.xml
2026-01-29,IBIT,iShares Bitcoin Trust ETF,0001980994,FWP,,0001437749-26-002417,https://www.sec.gov/Archives/edgar/data/1980994/000143774926002417/bit20260127_fwp.htm
2026-01-29,IBIT,iShares Bitcoin Trust ETF,0001980994,FWP,,0001437749-26-002418,https://www.sec.gov/Archives/edgar/data/1980994/000143774926002418/bit20260127c_fwp.htm
2026-01-29,IBIT,iShares Bitcoin Trust ETF,0001980994,FWP,,0001437749-26-002419,https://www.sec.gov/Archives/edgar/data/1980994/000143774926002419/bit20260127d_fwp.htm
2026-01-29,IBIT,iShares Bitcoin Trust ETF,0001980994,FWP,,0001437749-26-002420,https://www.sec.gov/Archives/edgar/data/1980994/000143774926002420/bit20260129_fwp.htm
2026-02-02,BTC,Grayscale Bitcoin Mini Trust ETF,0002015034,144,,0001976415-26-000008,https://www.sec.gov/Archives/edgar/data/2015034/000197641526000008/xsl144X01/primary_doc.xml
2026-02-05,FBTC,Fidelity Wise Origin Bitcoin Fund,0001852317,8-K,2026-02-02,0001193125-26-039518,https://www.sec.gov/Archives/edgar/data/1852317/000119312526039518/ck0001852317-20260202.htm
2026-02-06,BTC,Grayscale Bitcoin Mini Trust ETF,0002015034,8-K,2026-02-02,0001193125-26-041204,https://www.sec.gov/Archives/edgar/data/2015034/000119312526041204/btc-20260202.htm
2026-02-13,EZBC,Franklin Templeton Digital Holdings Trust,0001992870,POS AM,,0001992870-26-000002,https://www.sec.gov/Archives/edgar/data/1992870/000199287026000002/posam.htm
2026-02-17,EZBC,Franklin Templeton Digital Holdings Trust,0001992870,10-Q,2025-12-31,0001140361-26-005787,https://www.sec.gov/Archives/edgar/data/1992870/000114036126005787/ef20060840_10q.htm
2026-02-23,EZBC,Franklin Templeton Digital Holdings Trust,0001992870,424B3,,0002071844-26-000226,https://www.sec.gov/Archives/edgar/data/1992870/000207184426000226/ftdht424b3022026.htm
2026-02-23,EZBC,Franklin Templeton Digital Holdings Trust,0001992870,EFFECT,,9999999995-26-000646,https://www.sec.gov/Archives/edgar/data/1992870/999999999526000646/xslEFFECTX01/primary_doc.xml
2026-02-23,HODL,VanEck Bitcoin ETF,0001838028,424B3,,0001838028-26-000005,https://www.sec.gov/Archives/edgar/data/1838028/000183802826000005/vaneckbitcoinetf424b3-mark.htm
2026-02-25,BTC,Grayscale Bitcoin Mini Trust ETF,0002015034,10-K,2025-12-31,0001193125-26-071952,https://www.sec.gov/Archives/edgar/data/2015034/000119312526071952/btc-20251231.htm
2026-02-25,FBTC,Fidelity Wise Origin Bitcoin Fund,0001852317,10-K,2025-12-31,0001193125-26-071484,https://www.sec.gov/Archives/edgar/data/1852317/000119312526071484/ck0001852317-20251231.htm
2026-02-25,GBTC,Grayscale Bitcoin Trust ETF,0001588489,10-K,2025-12-31,0001193125-26-071956,https://www.sec.gov/Archives/edgar/data/1588489/000119312526071956/gbtc-20251231.htm
2026-02-27,IBIT,iShares Bitcoin Trust ETF,0001980994,IRANNOTICE,,0001437749-26-006051,https://www.sec.gov/Archives/edgar/data/1980994/000143774926006051/bit20260224_irannotice.htm
2026-02-27,IBIT,iShares Bitcoin Trust ETF,0001980994,10-K,2025-12-31,0001437749-26-006058,https://www.sec.gov/Archives/edgar/data/1980994/000143774926006058/bit20251231_10k.htm
2026-03-02,ARKB,Ark 21Shares Bitcoin ETF,0001869699,10-K,2025-12-31,0001213900-26-021831,https://www.sec.gov/Archives/edgar/data/1869699/000121390026021831/ea0276464-10k_ark21share.htm
2026-03-02,BITB,Bitwise Bitcoin ETF,0001763415,10-K,2025-12-31,0001193125-26-085335,https://www.sec.gov/Archives/edgar/data/1763415/000119312526085335/bitb-20251231.htm
2026-03-02,BTCO,Invesco Galaxy Bitcoin ETF,0001855781,10-K,2025-12-31,0001193125-26-083572,https://www.sec.gov/Archives/edgar/data/1855781/000119312526083572/btco-20251231.htm
2026-03-04,MSBT,Morgan Stanley Bitcoin Trust,0002103612,S-1/A,,0001104659-26-023097,https://www.sec.gov/Archives/edgar/data/2103612/000110465926023097/tm2534140-5_s1a.htm
2026-03-06,BTCW,WisdomTree Bitcoin Fund,0001850391,SCHEDULE 13G/A,,0001390777-26-000035,https://www.sec.gov/Archives/edgar/data/1850391/000139077726000035/xslSCHEDULE_13G_X01/primary_doc.xml
2026-03-10,BRRR,CoinShares Bitcoin ETF,0001841175,10-K,2025-12-31,0001999371-26-005527,https://www.sec.gov/Archives/edgar/data/1841175/000199937126005527/brrr_10k-123125.htm
2026-03-10,BTC,Grayscale Bitcoin Mini Trust ETF,0002015034,FWP,,0001193125-26-100071,https://www.sec.gov/Archives/edgar/data/2015034/000119312526100071/btc_tale_of_the_tape_v2_.htm
2026-03-10,HODL,VanEck Bitcoin ETF,0001838028,SCHEDULE 13G,,0001172661-26-001340,https://www.sec.gov/Archives/edgar/data/1838028/000117266126001340/xslSCHEDULE_13G_X01/primary_doc.xml
2026-03-11,BITB,Bitwise Bitcoin ETF,0001763415,10-K/A,2025-12-31,0001193125-26-102028,https://www.sec.gov/Archives/edgar/data/1763415/000119312526102028/d112943d10ka.htm
2026-03-12,HODL,VanEck Bitcoin ETF,0001838028,10-K,2025-12-31,0000930413-26-000746,https://www.sec.gov/Archives/edgar/data/1838028/000093041326000746/c115591_10k-ixbrl.htm
2026-03-16,BTC,Grayscale Bitcoin Mini Trust ETF,0002015034,8-K,2026-03-16,0001193125-26-108384,https://www.sec.gov/Archives/edgar/data/2015034/000119312526108384/btc-20260316.htm
2026-03-16,GBTC,Grayscale Bitcoin Trust ETF,0001588489,8-K,2026-03-16,0001193125-26-108382,https://www.sec.gov/Archives/edgar/data/1588489/000119312526108382/gbtc-20260316.htm
2026-03-18,HODL,VanEck Bitcoin ETF,0001838028,424I,,0001133228-26-003666,https://www.sec.gov/Archives/edgar/data/1838028/000113322826003666/vbe-efp23087_424i.htm
2026-03-18,MSBT,Morgan Stanley Bitcoin Trust,0002103612,S-1/A,,0001104659-26-029738,https://www.sec.gov/Archives/edgar/data/2103612/000110465926029738/tm2534140-7_s1a.htm
2026-03-25,BRRR,CoinShares Bitcoin ETF,0001841175,424I,,0001999371-26-006851,https://www.sec.gov/Archives/edgar/data/1841175/000199937126006851/brrr_424i-123125.htm
2026-03-25,MSBT,Morgan Stanley Bitcoin Trust,0002103612,8-A12B,,0001104659-26-034379,https://www.sec.gov/Archives/edgar/data/2103612/000110465926034379/tm2534140d11_8a12b.htm
2026-03-25,MSBT,Morgan Stanley Bitcoin Trust,0002103612,CERT,,0001143362-26-000108,https://www.sec.gov/Archives/edgar/data/2103612/000114336226000108/MSBT032526.pdf
2026-03-26,FBTC,Fidelity Wise Origin Bitcoin Fund,0001852317,424I,,0001852317-26-000004,https://www.sec.gov/Archives/edgar/data/1852317/000185231726000004/2026FBTC424i.htm
2026-03-26,IBIT,iShares Bitcoin Trust ETF,0001980994,FWP,,0001437749-26-009837,https://www.sec.gov/Archives/edgar/data/1980994/000143774926009837/bit20260325_fwp.htm
2026-03-27,BITB,Bitwise Bitcoin ETF,0001763415,424I,,0001193125-26-129293,https://www.sec.gov/Archives/edgar/data/1763415/000119312526129293/d132466d424i.htm
2026-03-27,BTC,Grayscale Bitcoin Mini Trust ETF,0002015034,424I,,0001193125-26-129279,https://www.sec.gov/Archives/edgar/data/2015034/000119312526129279/d108844d424i.htm
2026-03-27,BTCO,Invesco Galaxy Bitcoin ETF,0001855781,424I,,0001104659-26-035923,https://www.sec.gov/Archives/edgar/data/1855781/000110465926035923/tm268155d1_424i.htm
2026-03-27,BTCW,WisdomTree Bitcoin Fund,0001850391,10-K,2025-12-31,0001214659-26-003899,https://www.sec.gov/Archives/edgar/data/1850391/000121465926003899/wtb32026010k.htm
2026-03-27,BTCW,WisdomTree Bitcoin Fund,0001850391,424I,,0001214659-26-003900,https://www.sec.gov/Archives/edgar/data/1850391/000121465926003900/x323260424i.htm
2026-03-27,GBTC,Grayscale Bitcoin Trust ETF,0001588489,424I,,0001193125-26-129240,https://www.sec.gov/Archives/edgar/data/1588489/000119312526129240/d105521d424i.htm
2026-03-27,HODL,VanEck Bitcoin ETF,0001838028,10-K/A,2025-12-31,0000930413-26-000927,https://www.sec.gov/Archives/edgar/data/1838028/000093041326000927/c115591_10ka-ixbrl.htm
2026-03-27,MSBT,Morgan Stanley Bitcoin Trust,0002103612,S-1/A,,0001104659-26-036138,https://www.sec.gov/Archives/edgar/data/2103612/000110465926036138/tm2534140-10_s1a.htm
2026-03-31,IBIT,iShares Bitcoin Trust ETF,0001980994,8-K,2026-03-27,0001437749-26-010480,https://www.sec.gov/Archives/edgar/data/1980994/000143774926010480/bit20260328_8k.htm
2026-03-31,IBIT,iShares Bitcoin Trust ETF,0001980994,424I,,0001437749-26-010697,https://www.sec.gov/Archives/edgar/data/1980994/000143774926010697/bit20260330_424h.htm
2026-04-01,ARKB,Ark 21Shares Bitcoin ETF,0001869699,424I,,0001213900-26-038420,https://www.sec.gov/Archives/edgar/data/1869699/000121390026038420/ea0284490-424i_ark21shares.htm
2026-04-01,MSBT,Morgan Stanley Bitcoin Trust,0002103612,S-1/A,,0001104659-26-038604,https://www.sec.gov/Archives/edgar/data/2103612/000110465926038604/tm2534140-14_s1a.htm
2026-04-02,MSBT,Morgan Stanley Bitcoin Trust,0002103612,S-1/A,,0001104659-26-038730,https://www.sec.gov/Archives/edgar/data/2103612/000110465926038730/tm2534140-17_s1a.htm
2026-04-03,MSBT,Morgan Stanley Bitcoin Trust,0002103612,S-1/A,,0001104659-26-039646,https://www.sec.gov/Archives/edgar/data/2103612/000110465926039646/tm2534140-19_s1a.htm
2026-04-06,MSBT,Morgan Stanley Bitcoin Trust,0002103612,424B3,,0001104659-26-039992,https://www.sec.gov/Archives/edgar/data/2103612/000110465926039992/tm2534140-20_424b3.htm
2026-04-06,MSBT,Morgan Stanley Bitcoin Trust,0002103612,EFFECT,,9999999995-26-001094,https://www.sec.gov/Archives/edgar/data/2103612/999999999526001094/xslEFFECTX01/primary_doc.xml
2026-04-23,BTC,Grayscale Bitcoin Mini Trust ETF,0002015034,FWP,,0002015034-26-000003,https://www.sec.gov/Archives/edgar/data/2015034/000201503426000003/btc_fact_sheet_4.23.26.htm
2026-04-28,BTCW,WisdomTree Bitcoin Fund,0001850391,SCHEDULE 13G/A,,0001390777-26-000057,https://www.sec.gov/Archives/edgar/data/1850391/000139077726000057/xslSCHEDULE_13G_X02/primary_doc.xml
2026-04-28,MSBT,Morgan Stanley Bitcoin Trust,0002103612,8-K,2026-04-22,0001104659-26-050345,https://www.sec.gov/Archives/edgar/data/2103612/000110465926050345/tm2612964d1_8k.htm
2026-04-29,FBTC,Fidelity Wise Origin Bitcoin Fund,0001852317,424B3,,0001193125-26-191289,https://www.sec.gov/Archives/edgar/data/1852317/000119312526191289/d76290d424b3.htm
2026-05-05,BTC,Grayscale Bitcoin Mini Trust ETF,0002015034,10-Q,2026-03-31,0001193125-26-206324,https://www.sec.gov/Archives/edgar/data/2015034/000119312526206324/btc-20260331.htm
2026-05-05,BTCW,WisdomTree Bitcoin Fund,0001850391,SCHEDULE 13G/A,,0001390777-26-000062,https://www.sec.gov/Archives/edgar/data/1850391/000139077726000062/xslSCHEDULE_13G_X02/primary_doc.xml
2026-05-05,GBTC,Grayscale Bitcoin Trust ETF,0001588489,10-Q,2026-03-31,0001193125-26-206329,https://www.sec.gov/Archives/edgar/data/1588489/000119312526206329/gbtc-20260331.htm
2026-05-06,BITB,Bitwise Bitcoin ETF,0001763415,10-Q,2026-03-31,0001193125-26-209293,https://www.sec.gov/Archives/edgar/data/1763415/000119312526209293/bitb-20260331.htm
2026-05-06,FBTC,Fidelity Wise Origin Bitcoin Fund,0001852317,10-Q,2026-03-31,0001193125-26-208428,https://www.sec.gov/Archives/edgar/data/1852317/000119312526208428/ck0001852317-20260331.htm
2026-05-07,BTCO,Invesco Galaxy Bitcoin ETF,0001855781,10-Q,2026-03-31,0001193125-26-209710,https://www.sec.gov/Archives/edgar/data/1855781/000119312526209710/btco-20260331.htm
2026-05-07,IBIT,iShares Bitcoin Trust ETF,0001980994,10-Q,2026-03-31,0001437749-26-015538,https://www.sec.gov/Archives/edgar/data/1980994/000143774926015538/bit20260331_10q.htm
2026-05-07,IBIT,iShares Bitcoin Trust ETF,0001980994,IRANNOTICE,,0001437749-26-015553,https://www.sec.gov/Archives/edgar/data/1980994/000143774926015553/bit20260506_irannotice.htm
2026-05-08,ARKB,Ark 21Shares Bitcoin ETF,0001869699,10-Q,2026-03-31,0001213900-26-053859,https://www.sec.gov/Archives/edgar/data/1869699/000121390026053859/ea0287531-10q_ark21.htm
2026-05-08,EZBC,Franklin Templeton Digital Holdings Trust,0001992870,8-K,2026-05-08,0001193125-26-214640,https://www.sec.gov/Archives/edgar/data/1992870/000119312526214640/d132344d8k.htm
2026-05-12,BRRR,CoinShares Bitcoin ETF,0001841175,10-Q,2026-03-31,0001999371-26-010552,https://www.sec.gov/Archives/edgar/data/1841175/000199937126010552/brrr-10q_033126.htm
2026-05-13,BTCW,WisdomTree Bitcoin Fund,0001850391,10-Q,2026-03-31,0001214659-26-006093,https://www.sec.gov/Archives/edgar/data/1850391/000121465926006093/wtb5627010q.htm
2026-05-14,HODL,VanEck Bitcoin ETF,0001838028,10-Q,2026-03-31,0000930413-26-001608,https://www.sec.gov/Archives/edgar/data/1838028/000093041326001608/c116314_10q-ixbrl.htm
2026-05-20,MSBT,Morgan Stanley Bitcoin Trust,0002103612,8-K,2026-05-14,0001104659-26-064506,https://www.sec.gov/Archives/edgar/data/2103612/000110465926064506/tm2615256d1_8k.htm
2026-06-08,BTCO,Invesco Galaxy Bitcoin ETF,0001855781,8-K,2026-06-04,0001193125-26-260149,https://www.sec.gov/Archives/edgar/data/1855781/000119312526260149/d117596d8k.htm
2026-06-11,MSBT,Morgan Stanley Bitcoin Trust,0002103612,8-K,2026-05-07,0001104659-26-072951,https://www.sec.gov/Archives/edgar/data/2103612/000110465926072951/tm2616865d1_8k.htm
2026-06-29,EZBC,Franklin Templeton Digital Holdings Trust,0001992870,10-K,2026-03-31,0001140361-26-026744,https://www.sec.gov/Archives/edgar/data/1992870/000114036126026744/ef20070486_10k.htm
2026-06-29,EZBC,Franklin Templeton Digital Holdings Trust,0001992870,424I,,0001992870-26-000004,https://www.sec.gov/Archives/edgar/data/1992870/000199287026000004/ezbc424i2026.htm
2026-07-02,BTC,Grayscale Bitcoin Mini Trust ETF,0002015034,8-K,2026-06-26,0002015034-26-000005,https://www.sec.gov/Archives/edgar/data/2015034/000201503426000005/btc-20260626.htm
2026-07-02,GBTC,Grayscale Bitcoin Trust ETF,0001588489,8-K,2026-06-26,0001588489-26-000002,https://www.sec.gov/Archives/edgar/data/1588489/000158848926000002/gbtc-20260626.htm
2026-07-07,ARKB,Ark 21Shares Bitcoin ETF,0001869699,8-K,2026-06-30,0001213900-26-075990,https://www.sec.gov/Archives/edgar/data/1869699/000121390026075990/ea0296648-8k_ark21share.htm
2026-07-29,BTCW,WisdomTree Bitcoin Fund,0001850391,SCHEDULE 13G/A,,0001390777-26-000082,https://www.sec.gov/Archives/edgar/data/1850391/000139077726000082/xslSCHEDULE_13G_X02/primary_doc.xml
2026-08-03,BTCO,Invesco Galaxy Bitcoin ETF,0001855781,8-K,2026-07-31,0001193125-26-330566,https://www.sec.gov/Archives/edgar/data/1855781/000119312526330566/d154882d8k.htm
2026-08-04,BTC,Grayscale Bitcoin Mini Trust ETF,0002015034,10-Q,2026-06-30,0002015034-26-000008,https://www.sec.gov/Archives/edgar/data/2015034/000201503426000008/btc-20260630.htm
2026-08-04,GBTC,Grayscale Bitcoin Trust ETF,0001588489,10-Q,2026-06-30,0001588489-26-000005,https://www.sec.gov/Archives/edgar/data/1588489/000158848926000005/gbtc-20260630.htm
2026-08-06,ARKB,Ark 21Shares Bitcoin ETF,0001869699,10-Q,2026-06-30,0001213900-26-086191,https://www.sec.gov/Archives/edgar/data/1869699/000121390026086191/ea0299118-10q_ark21shares.htm
2026-08-06,FBTC,Fidelity Wise Origin Bitcoin Fund,0001852317,10-Q,2026-06-30,0001193125-26-337679,https://www.sec.gov/Archives/edgar/data/1852317/000119312526337679/ck0001852317-20260630.htm
2026-08-06,IBIT,iShares Bitcoin Trust ETF,0001980994,10-Q,2026-06-30,0001437749-26-026004,https://www.sec.gov/Archives/edgar/data/1980994/000143774926026004/bit20260630c_10q.htm
2026-08-07,BITB,Bitwise Bitcoin ETF,0001763415,10-Q,2026-06-30,0001193125-26-340183,https://www.sec.gov/Archives/edgar/data/1763415/000119312526340183/bitb-20260630.htm
2026-08-07,BTCO,Invesco Galaxy Bitcoin ETF,0001855781,10-Q,2026-06-30,0001193125-26-338719,https://www.sec.gov/Archives/edgar/data/1855781/000119312526338719/btco-20260630.htm
2026-08-12,BRRR,CoinShares Bitcoin ETF,0001841175,10-Q,2026-06-30,0001999371-26-017701,https://www.sec.gov/Archives/edgar/data/1841175/000199937126017701/brrr-10q_063026.htm
2026-08-12,BTCW,WisdomTree Bitcoin Fund,0001850391,10-Q,2026-06-30,0001214659-26-009996,https://www.sec.gov/Archives/edgar/data/1850391/000121465926009996/wtb8626110q.htm
2026-08-13,HODL,VanEck Bitcoin ETF,0001838028,10-Q,2026-06-30,0000930413-26-002505,https://www.sec.gov/Archives/edgar/data/1838028/000093041326002505/c117299_10q-ixbrl.htm
2026-08-13,MSBT,Morgan Stanley Bitcoin Trust,0002103612,10-Q,2026-06-30,0001104659-26-095885,https://www.sec.gov/Archives/edgar/data/2103612/000110465926095885/msbt-20260630x10q.htm
2026-08-14,EZBC,Franklin Templeton Digital Holdings Trust,0001992870,10-Q,2026-06-30,0001140361-26-033208,https://www.sec.gov/Archives/edgar/data/1992870/000114036126033208/ef20077161_10q.htm
2026-08-25,MSBT,Morgan Stanley Bitcoin Trust,0002103612,8-K,2026-08-19,0001104659-26-100805,https://www.sec.gov/Archives/edgar/data/2103612/000110465926100805/tm2623901d1_8k.htm
2026-08-26,ARKB,Ark 21Shares Bitcoin ETF,0001869699,8-K,2026-08-20,0001213900-26-093966,https://www.sec.gov/Archives/edgar/data/1869699/000121390026093966/ea0303132-8k_ark21shares.htm
2026-08-27,ARKB,Ark 21Shares Bitcoin ETF,0001869699,424B3,,0001213900-26-094059,https://www.sec.gov/Archives/edgar/data/1869699/000121390026094059/ea0303109-424b3_21shares.htm
